Ward name,crime normalised,income normalised,employment normalised,housing normalised,environment normalised,education normalised,IMD normalised
Abbey,0.47389,0.28936,0.26337,0.38807,0.48243,0.12132,0.312
Abbey Road,0.43964,0.27037,0.23392,0.35594,0.55866,0.11086,0.26906
Abbey Wood,0.672,0.61623,0.58058,0.53793,0.35721,0.33132,0.63686
Abingdon,0.51774,0.12393,0.12149,0.59485,0.6542,0.01804,0.25925
Addiscombe East,0.55983,0.31113,0.34146,0.44457,0.38098,0.1694,0.35131
Addiscombe West,0.52629,0.40356,0.35999,0.54233,0.49806,0.19352,0.45047
Addison,0.67891,0.45859,0.4534,0.48328,0.55787,0.11263,0.50727
Aldborough,0.55891,0.33666,0.31144,0.48553,0.36862,0.16259,0.34049
Aldersgate,0.0,0.02147,0.04402,0.50129,0.46472,0.00038,0.13009
Alexandra,0.44061,0.1227,0.18343,0.2948,0.25859,0.04244,0.12127
Alexandra Park,0.56222,0.21574,0.21865,0.44437,0.44618,0.02174,0.25268
Alibon,0.60195,0.5454,0.4807,0.70904,0.37031,0.39325,0.60906
Alperton,0.50842,0.37291,0.28992,0.80994,0.45144,0.35807,0.47202
Arnos Grove,0.51274,0.20298,0.19734,0.50873,0.37834,0.04036,0.22832
Arsenal,0.69349,0.57003,0.52238,0.46593,0.59605,0.15699,0.58986
Ashford East,0.37181,0.13497,0.17168,0.40658,0.38816,0.30181,0.21064
Ashford North and Stanwell South,0.67441,0.33742,0.36537,0.58898,0.35681,0.63161,0.49348
Aveley and Uplands,0.60995,0.24233,0.26852,0.35926,0.16746,0.51016,0.32911
Avonmore,0.54043,0.34908,0.34424,0.51956,0.54074,0.10586,0.39708
Balham,0.57819,0.22822,0.19589,0.37765,0.43122,0.05056,0.24852
Barking Riverside,0.70781,0.63291,0.53409,1.0,0.30576,0.35068,0.71681
Barkingside,0.54042,0.26957,0.23163,0.40741,0.30777,0.09514,0.24205
Barnehurst,0.41063,0.28322,0.31254,0.42848,0.27244,0.32373,0.30021
Barnes,0.46844,0.20727,0.20689,0.2714,0.422,0.06838,0.20148
Barnet Vale,0.48641,0.27239,0.27953,0.49091,0.30164,0.06989,0.25797
Barnhill,0.58215,0.42945,0.39948,0.72694,0.36176,0.15785,0.46407
Barnsbury,0.57161,0.41893,0.37985,0.43786,0.53499,0.15737,0.4497
Battersea Park,0.56679,0.4312,0.35594,0.49626,0.53214,0.11851,0.43453
Bayswater,0.67833,0.23261,0.2245,0.39635,0.62429,0.07364,0.31592
Beam,0.63328,0.54417,0.47365,0.7873,0.49214,0.41931,0.65232
Beam Park,0.69065,0.58383,0.62213,0.4593,0.36439,0.54119,0.62898
Beckenham Town & Copers Cope,0.53067,0.21779,0.21297,0.50738,0.26763,0.09383,0.23222
Beckton,0.61069,0.56647,0.5072,0.92621,0.2791,0.3131,0.65258
Becontree,0.66532,0.62945,0.59515,0.74292,0.4554,0.42186,0.74215
Beddington,0.47708,0.22963,0.2591,0.41974,0.28415,0.17535,0.25026
Bedfont,0.5397,0.45399,0.4056,0.60271,0.36649,0.43701,0.50842
Bellingham,0.68499,0.77862,0.77915,0.68815,0.43497,0.52307,0.86453
Belmont,0.34564,0.22877,0.25642,0.47767,0.26482,0.10179,0.2299
Belmore,0.61572,0.4189,0.35022,0.58908,0.34266,0.29232,0.4528
Belsize,0.50428,0.17212,0.15896,0.32575,0.44225,0.07842,0.18231
Belvedere,0.56255,0.45534,0.40353,0.51694,0.37087,0.37019,0.46324
Bensham Manor,0.63595,0.47798,0.4354,0.58707,0.48618,0.24019,0.52906
Berrylands,0.2652,0.13497,0.16287,0.4176,0.32337,0.01628,0.13796
Bethnal Green East,0.67518,0.63301,0.50583,0.49957,0.52712,0.28171,0.62524
Bethnal Green West,0.7707,0.6435,0.51455,0.51489,0.58157,0.25962,0.69954
Bexleyheath,0.50844,0.23347,0.26315,0.371,0.33106,0.20617,0.26351
Bickley & Sundridge,0.41577,0.20107,0.23573,0.48394,0.25215,0.05609,0.21173
Biggin Hill,0.40583,0.19807,0.22322,0.4,0.11047,0.23706,0.19203
Blackfen & Lamorbey,0.37361,0.16564,0.21086,0.32497,0.25326,0.25114,0.1862
Blackheath,0.57974,0.37629,0.34336,0.50629,0.50031,0.15078,0.4123
Blackheath Westcombe,0.5934,0.30574,0.3184,0.49234,0.36776,0.07195,0.33574
Blackwall & Cubitt Town,0.39455,0.57055,0.52384,0.45831,0.23132,0.37895,0.52052
Blendon & Penhill,0.38868,0.17393,0.20293,0.36354,0.27749,0.2485,0.19919
Bloomsbury,0.56503,0.21779,0.2102,0.4468,0.85683,0.10528,0.33819
Boleyn,0.57292,0.53475,0.41013,0.79192,0.48117,0.32846,0.59488
Borough & Bankside,0.40692,0.45169,0.40939,0.57312,0.59502,0.12498,0.48605
Bounds Green,0.622,0.44018,0.40058,0.56891,0.55118,0.13732,0.47753
Bow East,0.68757,0.61248,0.48567,0.53941,0.38156,0.27803,0.61155
Bow West,0.75705,0.5219,0.42699,0.44725,0.50788,0.2251,0.55091
Bowes,0.58925,0.53015,0.42624,0.69081,0.44081,0.24371,0.52676
Brent,0.67441,0.36196,0.33895,0.29992,0.61184,0.30582,0.45402
Brentford West,0.61069,0.28936,0.24796,0.50777,0.71925,0.06424,0.38636
Bridge,0.57825,0.30061,0.32262,0.42646,0.31047,0.2224,0.32581
Brimsdown,0.61827,0.67451,0.56345,0.7051,0.43161,0.51594,0.68789
Brixton Acre Lane,0.71546,0.42813,0.39869,0.45861,0.70158,0.15028,0.55985
Brixton North,0.75393,0.63258,0.54048,0.52911,0.7233,0.29637,0.72878
Brixton Rush Common,0.67982,0.4931,0.39508,0.47643,0.65624,0.1802,0.543
Brixton Windrush,0.78003,0.65798,0.57811,0.56149,0.67173,0.23123,0.73787
Broad Green,0.69393,0.5869,0.49007,0.71148,0.43765,0.38268,0.65937
Brockley,0.63695,0.41003,0.37382,0.60101,0.64825,0.16442,0.51786
Bromley Common & Holwood,0.5053,0.30163,0.31109,0.52435,0.27043,0.19819,0.32502
Bromley North,0.70727,0.7858,0.63754,0.51033,0.42432,0.35838,0.73224
Bromley South,0.68828,0.75307,0.65149,0.50556,0.35312,0.47333,0.71916
Bromley Town,0.41876,0.22482,0.22199,0.48915,0.27335,0.06158,0.21848
Brompton & Hans Town,0.49133,0.16083,0.14214,0.63444,0.66708,0.0736,0.31571
Brondesbury Park,0.64384,0.41908,0.35269,0.64052,0.38514,0.11916,0.44747
Brook Green,0.593,0.37853,0.39002,0.44772,0.5595,0.08253,0.42019
Brownswood,0.65172,0.47291,0.40864,0.74754,0.51978,0.13032,0.58877
Bruce Castle,0.74816,0.76994,0.67791,0.6811,0.48155,0.50615,0.81507
Brunswick Park,0.45855,0.30368,0.32223,0.43529,0.26159,0.1249,0.27652
Buckhurst Hill East & Whitebridge,0.58821,0.16258,0.2245,0.23078,0.24911,0.18769,0.1837
Bullsmoor,0.64076,0.6631,0.57741,0.7495,0.39762,0.52214,0.70957
Bunhill,0.48534,0.44785,0.35801,0.56408,0.61042,0.1721,0.46924
Burnt Oak,0.63291,0.54098,0.47502,0.64561,0.3983,0.30994,0.55767
Bush Hill Park,0.42511,0.23531,0.22829,0.48283,0.3118,0.11995,0.23627
Caledonian,0.60753,0.64776,0.56491,0.5266,0.4785,0.30292,0.65743
Camberwell Green,0.69734,0.60086,0.55298,0.59804,0.58023,0.20688,0.65841
Camden Square,0.62552,0.64518,0.59282,0.45113,0.60832,0.24157,0.62751
Camden Town,0.90413,0.64212,0.63534,0.42401,0.49809,0.2087,0.7225
Campden,0.48746,0.11298,0.12986,0.50454,0.66293,0.01201,0.23078
Canary Wharf,0.32618,0.40681,0.31417,0.55938,0.37188,0.17314,0.39076
Canbury Gardens,0.35874,0.15745,0.18193,0.3299,0.35228,0.01445,0.1372
Cann Hall,0.57069,0.55454,0.44755,0.6872,0.52927,0.29328,0.59887
Canning Town North,0.70225,0.62699,0.56081,0.81684,0.42342,0.32394,0.7209
Canning Town South,0.78098,0.81748,0.62728,0.84953,0.46061,0.34198,0.87193
Cannon Hill,0.39784,0.20911,0.20104,0.33354,0.36514,0.09839,0.19367
Canonbury,0.6833,0.58193,0.52762,0.44376,0.48529,0.25245,0.59303
Canons,0.42146,0.27095,0.26707,0.61791,0.19152,0.07048,0.2616
Carshalton Central,0.45706,0.21209,0.2308,0.26796,0.29959,0.08526,0.18857
Carshalton South & Clockhouse,0.37948,0.20193,0.24136,0.32887,0.22094,0.10951,0.18385
Carterhatch,0.62365,0.76163,0.65779,0.73347,0.37946,0.53883,0.76067
Catford South,0.57235,0.44172,0.42114,0.56392,0.52375,0.21956,0.4909
Cathall,0.61607,0.5138,0.438,0.74714,0.5018,0.27753,0.59246
Cazenove,0.49525,0.55653,0.41317,0.71373,0.45813,0.34282,0.57618
Centenary,0.40373,0.24408,0.19056,0.54057,0.26005,0.12079,0.22514
Central Greenford,0.55125,0.34166,0.31417,0.64641,0.4384,0.18055,0.40447
Chadwell Heath,0.62055,0.54206,0.50121,0.71106,0.34617,0.39037,0.62481
Chalkwell,0.75162,0.22086,0.29493,0.30625,0.55503,0.45182,0.41278
Champion Hill,0.47476,0.3865,0.32575,0.54321,0.46137,0.15584,0.3951
Chapel End,0.60224,0.3819,0.29273,0.63347,0.49011,0.24354,0.43879
Charlton Hornfair,0.64197,0.52454,0.55025,0.51199,0.39488,0.26213,0.56328
Charlton Village & Riverside,0.70002,0.55752,0.55685,0.56592,0.38822,0.23007,0.59594
Charville,0.55269,0.35187,0.33957,0.49078,0.32207,0.29893,0.37937
Chaucer,0.63453,0.49693,0.40886,0.60164,0.60196,0.14489,0.55871
Cheam,0.3315,0.14264,0.15332,0.34532,0.20325,0.06605,0.12579
Chelsea Riverside,0.64776,0.65592,0.64564,0.64033,0.56592,0.13138,0.6712
Chelsfield,0.31459,0.18975,0.23203,0.4173,0.18544,0.11022,0.18278
Chessington South & Malden Rushett,0.46256,0.26534,0.25532,0.39161,0.23151,0.23756,0.24687
Chigwell with Lambourne,0.56147,0.21166,0.28613,0.26388,0.1674,0.24329,0.22026
Childs Hill,0.59434,0.33212,0.32694,0.52625,0.43518,0.09152,0.35435
Chingford Green,0.55947,0.34101,0.3331,0.56944,0.39196,0.21902,0.39682
Chislehurst,0.53356,0.17669,0.19853,0.46889,0.22913,0.08534,0.21079
Chiswick Gunnersbury,0.51785,0.26117,0.2503,0.4647,0.47983,0.06057,0.2838
Chiswick Homefields,0.52868,0.22052,0.21865,0.4354,0.44367,0.0554,0.25353
Chiswick Riverside,0.62729,0.30552,0.31518,0.42999,0.45027,0.05237,0.34449
Church Street,0.62794,0.92902,0.9106,0.44288,0.52656,0.34814,0.85439
Churchfields,0.49675,0.27454,0.25488,0.46706,0.42721,0.10226,0.28757
Cippenham Manor,0.56922,0.28528,0.2201,0.66656,0.22711,0.15281,0.33623
Clapham Common & Abbeville,0.59081,0.28221,0.2352,0.39214,0.65214,0.07783,0.36417
Clapham East,0.77932,0.5046,0.46296,0.4767,0.68835,0.17234,0.63695
Clapham Park,0.56201,0.50359,0.40498,0.50664,0.58957,0.22612,0.52917
Clapham Town,0.68752,0.36196,0.34776,0.42474,0.61324,0.114,0.46256
Claygate,0.23688,0.03374,0.06163,0.41757,0.13506,0.00819,0.06446
Clayhall,0.54489,0.24387,0.19589,0.4063,0.31704,0.09075,0.22253
Clementswood,0.5912,0.55828,0.42699,0.52353,0.39863,0.35602,0.49214
Clerkenwell,0.60388,0.49825,0.46032,0.47563,0.62017,0.1649,0.54184
Clissold,0.61738,0.5065,0.44407,0.66127,0.44495,0.10895,0.55908
Clock House,0.46075,0.25071,0.27975,0.40669,0.40417,0.10941,0.26261
Cockfosters,0.44678,0.34969,0.29859,0.70894,0.26922,0.14706,0.36947
Colham & Cowley,0.60347,0.39294,0.38165,0.53469,0.30323,0.3627,0.45852
Colindale North,0.58616,0.80798,0.7052,0.77963,0.29458,0.36976,0.75128
College Park & Old Oak,0.62219,0.66411,0.64489,0.65034,0.52089,0.31308,0.72804
Colliers Wood,0.53603,0.31166,0.28613,0.39374,0.53489,0.11694,0.33989
Colville,0.72997,0.53782,0.5532,0.64773,0.61626,0.08452,0.60863
Coningham,0.68028,0.57325,0.57939,0.51135,0.51119,0.13437,0.60799
Coombe Hill,0.35647,0.19325,0.14615,0.554,0.29843,0.05298,0.19779
Coombe Vale,0.31305,0.18405,0.16802,0.35888,0.38693,0.05699,0.16138
Coulsdon Town,0.44531,0.20816,0.24339,0.44372,0.23018,0.12896,0.22936
Courtfield,0.51724,0.15031,0.17753,0.61398,0.81061,0.0388,0.34469
Cranbrook,0.60935,0.3796,0.28833,0.45427,0.38392,0.11177,0.33927
Cranford,0.55026,0.45748,0.40371,0.72216,0.39577,0.29107,0.51705
Cranham,0.39652,0.15454,0.18819,0.29705,0.16059,0.19289,0.15058
Crayford,0.5496,0.36696,0.42206,0.4942,0.32641,0.42529,0.44739
Cricket Green,0.58167,0.56706,0.49302,0.4855,0.42435,0.34878,0.56043
Cricklewood,0.70977,0.61758,0.58031,0.6802,0.45377,0.26337,0.65859
Cricklewood & Mapesbury,0.66242,0.42561,0.41872,0.66766,0.43365,0.15679,0.50322
Crockenhill and Well Hill,0.79135,0.27301,0.23771,0.50835,0.59596,0.24882,0.4132
Crofton Park,0.48767,0.3531,0.36096,0.44939,0.54304,0.13354,0.38616
Crook Log,0.39755,0.20776,0.24691,0.32171,0.26348,0.21099,0.20705
Crouch End,0.59731,0.26117,0.25844,0.4608,0.52952,0.02473,0.31835
Crystal Palace & Anerley,0.64123,0.58282,0.55553,0.61833,0.35405,0.26067,0.59571
Crystal Palace & Upper Norwood,0.60214,0.4039,0.38249,0.57445,0.40221,0.17677,0.44264
Cuddington,0.48651,0.24233,0.17168,0.38758,0.15569,0.04721,0.16276
Custom House,0.68316,0.67656,0.5977,0.87254,0.35193,0.37345,0.78919
Dalgarno,0.61144,0.86196,0.84694,0.6394,0.5198,0.25358,0.8471
Dalston,0.70465,0.47546,0.46221,0.68852,0.73485,0.05692,0.65167
Darwin,0.46094,0.18098,0.20544,0.80948,0.26448,0.20646,0.30902
De Beauvoir,0.65642,0.73313,0.64269,0.71574,0.49514,0.37587,0.75272
Deptford,0.72451,0.76074,0.63169,0.69882,0.47965,0.27833,0.7715
Dollis Hill,0.72221,0.57117,0.50535,0.74364,0.42694,0.32406,0.63952
Dormers Wells,0.59114,0.56212,0.49575,0.70364,0.40646,0.33629,0.6094
Downham,0.61163,0.6746,0.62618,0.6808,0.49639,0.42953,0.72919
Dulwich Hill,0.55456,0.33129,0.3397,0.44503,0.52205,0.08073,0.38103
Dulwich Village,0.60416,0.14724,0.14821,0.28426,0.54326,0.01243,0.20473
Dulwich Wood,0.63603,0.39141,0.38826,0.53688,0.37854,0.0905,0.43121
Ealing Broadway,0.37013,0.19402,0.2179,0.52621,0.40813,0.01985,0.23154
Ealing Common,0.62635,0.34356,0.35801,0.60095,0.51182,0.09394,0.42909
Earl's Court,0.62851,0.39221,0.40749,0.77961,0.67596,0.03075,0.53535
East Acton,0.61937,0.46933,0.43769,0.64919,0.52208,0.16845,0.52888
East Barnet,0.53013,0.34325,0.32091,0.43549,0.34007,0.12707,0.31448
East Finchley,0.48196,0.36012,0.30946,0.50084,0.36972,0.10393,0.32368
East Greenwich,0.63368,0.30982,0.30594,0.44624,0.64909,0.06864,0.40307
East Ham,0.65777,0.44822,0.33842,0.85045,0.61375,0.27051,0.5953
East Ham South,0.61347,0.58245,0.47269,0.83971,0.4967,0.35392,0.66915
East Putney,0.45857,0.2184,0.17124,0.43968,0.49651,0.05833,0.24285
East Sheen,0.43953,0.11248,0.12986,0.22241,0.46664,0.01141,0.13051
East Wickham,0.39758,0.25982,0.30726,0.36083,0.31979,0.31178,0.28513
Eastbrook & Rush Green,0.53738,0.50491,0.47277,0.68447,0.3014,0.39891,0.56075
Eastbury,0.65557,0.60031,0.51019,0.78591,0.4667,0.46882,0.70406
Eastcote,0.48161,0.20337,0.22714,0.36412,0.208,0.09743,0.19269
Edgware,0.52177,0.30742,0.26826,0.55112,0.33863,0.17411,0.3171
Edgwarebury,0.49966,0.29104,0.28226,0.54116,0.27782,0.13329,0.29561
Edmonton Green,0.70815,0.84141,0.70388,0.80596,0.49002,0.55753,0.87759
Elm Park,0.50536,0.30899,0.33776,0.32612,0.26295,0.35884,0.3205
Eltham Page,0.70102,0.57592,0.59097,0.59879,0.4167,0.47215,0.67549
Eltham Park & Progress,0.49075,0.27782,0.32196,0.35796,0.40152,0.19027,0.30551
Eltham Town & Avery Hill,0.59118,0.32687,0.34287,0.46143,0.30526,0.21606,0.3662
Emerson Park,0.35341,0.16206,0.20984,0.43221,0.13326,0.20833,0.17283
Endlebury,0.52459,0.35276,0.37153,0.54391,0.3046,0.21674,0.38011
Enfield Lock,0.5412,0.70653,0.55465,0.77239,0.39394,0.44629,0.67544
Erith,0.61775,0.51304,0.49082,0.59038,0.31097,0.40278,0.55063
Evelyn,0.53413,0.57975,0.44988,0.63864,0.42446,0.1956,0.54779
Ewell Court,0.58271,0.17791,0.24651,0.39347,0.20017,0.17875,0.21318
Ewell Village,0.63643,0.22699,0.2289,0.20416,0.21085,0.14887,0.22219
Fairfield,1.0,0.57362,0.41819,0.67915,0.68611,0.35857,0.76768
Fairlop,0.58089,0.3085,0.30184,0.43779,0.35248,0.2612,0.33781
Falconbrook,0.66397,0.54233,0.44988,0.53899,0.5114,0.20071,0.56229
Falconwood & Welling,0.44455,0.19877,0.21746,0.35389,0.33129,0.25897,0.22687
Faraday,0.71969,0.67669,0.51327,0.58111,0.60649,0.26444,0.6932
Farnborough & Crofton,0.30253,0.14279,0.18409,0.45374,0.16584,0.11213,0.16024
Farringdon Without,0.07771,0.07362,0.15407,0.63659,1.0,0.03615,0.33195
Feltham North,0.53827,0.41666,0.38663,0.56394,0.38564,0.38248,0.48038
Feltham West,0.56627,0.43764,0.37368,0.61975,0.3964,0.40275,0.50553
Figge's Marsh,0.65842,0.61656,0.5344,0.55935,0.39686,0.32843,0.6036
Finchley Church End,0.43166,0.23497,0.22274,0.48321,0.36467,0.04368,0.2231
Finsbury Park,0.71746,0.72436,0.67289,0.49537,0.45797,0.27317,0.73535
Forest,0.64578,0.41454,0.36664,0.62676,0.56456,0.26046,0.51687
Forest Gate North,0.58916,0.45911,0.38883,0.81071,0.43218,0.23334,0.55358
Forest Gate South,0.70801,0.54396,0.45244,0.82175,0.51891,0.22753,0.66693
Forest Hill,0.56555,0.39298,0.36488,0.556,0.48107,0.12198,0.42729
Fortis Green,0.51089,0.22436,0.21882,0.46627,0.4676,0.03229,0.25791
Fortune Green,0.55522,0.36635,0.35656,0.3357,0.39709,0.13134,0.34429
Friern Barnet,0.57501,0.36224,0.33614,0.50277,0.34699,0.12462,0.35114
Frognal,0.38881,0.11779,0.12149,0.34198,0.38787,0.06317,0.12544
Fulham Reach,0.57055,0.3146,0.30471,0.47622,0.47708,0.12667,0.37189
Fulham Town,0.56187,0.20613,0.20425,0.37993,0.57885,0.07029,0.27419
Fullwell,0.55764,0.41752,0.38834,0.44223,0.29546,0.20562,0.38144
Fulwell & Hampton Hill,0.4073,0.17791,0.20764,0.26986,0.35796,0.01605,0.15151
Furzedown,0.51262,0.41963,0.36404,0.47837,0.47327,0.15928,0.40019
Garden Suburb,0.50064,0.11831,0.11634,0.44893,0.37273,0.02125,0.1583
Gascoigne,0.64262,0.69939,0.54365,0.89827,0.49451,0.41554,0.76705
Gillingham South,0.56497,0.41104,0.39618,0.3008,0.6267,0.37928,0.47229
Gipsy Hill,0.6904,0.65644,0.60968,0.52463,0.53076,0.23179,0.69263
Golborne,0.79968,0.97954,1.0,0.69374,0.53185,0.25019,1.0
Golders Green,0.46024,0.27233,0.30814,0.48606,0.3806,0.10682,0.28537
Goodmayes,0.66206,0.46844,0.36787,0.47912,0.4125,0.2226,0.4419
Goose Green,0.50703,0.31199,0.30814,0.40529,0.54294,0.05867,0.3432
Gooshays,0.68582,0.5961,0.5918,0.53024,0.22061,0.66497,0.65963
Goresbrook,0.68712,0.62577,0.56284,0.78096,0.40995,0.455,0.74182
Gospel Oak,0.54898,0.5,0.5101,0.34017,0.34622,0.24355,0.45687
Grange Hill,0.66517,0.21933,0.17608,0.34127,0.25965,0.15062,0.21911
Grange Park,0.45037,0.16933,0.18048,0.53286,0.32797,0.0498,0.2061
Graveney,0.57943,0.28528,0.25593,0.35891,0.46295,0.16408,0.30151
Green Lane & St James,0.4402,0.36604,0.38738,0.54735,0.30947,0.13202,0.36256
Green Street East,0.56575,0.50423,0.3747,0.85264,0.45673,0.30581,0.57654
Green Street West,0.58196,0.50656,0.37857,0.8452,0.43542,0.28493,0.58454
Greenford Broadway,0.57571,0.51635,0.49007,0.66257,0.40613,0.27768,0.54864
Greenhill,0.52268,0.45092,0.39398,0.63869,0.38088,0.1021,0.44248
Greenwich Creekside,0.58129,0.31288,0.24356,0.48221,0.40413,0.10801,0.31521
Greenwich Park,0.63924,0.38267,0.32024,0.45966,0.51716,0.11156,0.41207
Greenwich Peninsula,0.74688,0.34663,0.29493,0.44172,0.73343,0.21301,0.46729
Grove,0.59905,0.34172,0.35392,0.43558,0.48223,0.10069,0.3836
Grove Green,0.49828,0.29945,0.25034,0.60552,0.59067,0.19503,0.38864
Grove Park,0.5329,0.49319,0.49989,0.61537,0.40016,0.26857,0.5339
Hackbridge,0.62631,0.56442,0.60307,0.51128,0.36606,0.36492,0.59686
Hackney Central,0.67113,0.66433,0.54395,0.75212,0.48361,0.16104,0.70438
Hackney Downs,0.70159,0.61503,0.52384,0.73144,0.47415,0.20498,0.68248
Hackney Wick,0.76026,0.78923,0.75085,0.71763,0.48045,0.29791,0.89174
Hacton,0.34913,0.17178,0.2201,0.35588,0.16047,0.26724,0.18818
Haggerston,0.73674,0.77564,0.67478,0.75421,0.51104,0.26401,0.83101
Hainault,0.60817,0.53104,0.54585,0.52657,0.28856,0.42264,0.54725
Hale End & Highams Park South,0.58604,0.40285,0.36096,0.49265,0.43982,0.22248,0.41667
"Ham, Petersham & Richmond Riverside",0.53307,0.27199,0.30669,0.34917,0.30916,0.10983,0.26393
Hammersmith Broadway,0.62862,0.71933,0.70652,0.54698,0.56723,0.2478,0.7535
Hampstead Town,0.46402,0.11718,0.11797,0.24931,0.41178,0.07439,0.13406
Hampton,0.46639,0.18252,0.2201,0.25288,0.30831,0.06192,0.17276
Hampton North,0.55118,0.34969,0.42404,0.45662,0.26355,0.17611,0.37002
Hampton Wick & South Teddington,0.50695,0.19224,0.24356,0.30385,0.34681,0.03488,0.18529
Hanger Hill,0.45906,0.26534,0.21495,0.58419,0.54389,0.10494,0.31489
Hanwell Broadway,0.54988,0.45936,0.46991,0.53912,0.47653,0.13431,0.48221
Hanworth Park,0.55639,0.38396,0.34776,0.60732,0.35999,0.3247,0.44965
Hanworth Village,0.61257,0.54371,0.47594,0.56794,0.36902,0.42755,0.57032
Harefield Village,0.49494,0.34279,0.34776,0.4982,0.14455,0.32602,0.38495
Harlesden & Kensal Green,0.71502,0.58497,0.57358,0.64257,0.54512,0.36318,0.67108
Harold Wood,0.5112,0.25255,0.26777,0.40842,0.20409,0.20763,0.25203
Harringay,0.71014,0.43865,0.37795,0.63023,0.52787,0.19718,0.53128
Harrow Road,0.57963,0.62985,0.59207,0.40508,0.47634,0.17314,0.55212
Harrow Weald,0.54662,0.44377,0.41572,0.58842,0.27667,0.18984,0.42367
Harrow on the Hill,0.45732,0.30184,0.27292,0.55674,0.28341,0.13156,0.29906
Haselbury,0.57991,0.67853,0.54981,0.70885,0.4286,0.50414,0.66568
Hatch End,0.33816,0.1769,0.15552,0.48781,0.20439,0.0315,0.1556
Hatch Lane & Highams Park North,0.56611,0.45442,0.49932,0.5163,0.34795,0.3238,0.50004
Havering-atte-Bower,0.55342,0.41344,0.43236,0.42084,0.19479,0.55123,0.4501
Haverstock,0.70029,0.61175,0.54272,0.36313,0.37911,0.24851,0.55274
Hayes & Coney Hall,0.42746,0.1135,0.16728,0.43973,0.21534,0.1018,0.14894
Hayes Town,0.73013,0.55982,0.47541,0.57967,0.3589,0.37068,0.59817
Headstone,0.42107,0.31025,0.28613,0.51117,0.24947,0.04547,0.25579
Heath,0.62919,0.65644,0.58657,0.82195,0.34637,0.48201,0.75643
Heathfield,0.53756,0.33488,0.36611,0.39223,0.35005,0.19715,0.33339
Heathrow Villages,0.61548,0.34794,0.29366,0.68549,0.4485,0.35236,0.47478
Heaton,0.69315,0.65613,0.62772,0.48348,0.2082,0.62692,0.68355
Hendon,0.52744,0.29337,0.28653,0.58225,0.43868,0.07585,0.32487
Hermitage & Gardens,0.70384,0.42715,0.32465,0.60431,0.51533,0.22147,0.49643
Herne Hill & Loughborough Junction,0.61735,0.43135,0.40111,0.43914,0.59595,0.13058,0.46869
Heston Central,0.6354,0.39702,0.35784,0.63435,0.43547,0.17101,0.45987
Heston East,0.57925,0.39417,0.35071,0.59197,0.4058,0.16773,0.42394
Heston West,0.64855,0.53564,0.45393,0.66311,0.3886,0.28166,0.5589
High Barnet,0.56925,0.2419,0.26914,0.48168,0.27923,0.07749,0.26115
High Street,0.69834,0.48313,0.36316,0.6444,0.59843,0.24708,0.56215
Higham Hill,0.64264,0.64856,0.56724,0.62687,0.52314,0.39939,0.68543
Highbury,0.6428,0.40798,0.38627,0.41036,0.4921,0.12286,0.42321
Highfield,0.51706,0.43252,0.36598,0.64433,0.34203,0.22295,0.42979
Highgate,0.60795,0.30613,0.33895,0.42054,0.46152,0.09514,0.34519
Hillingdon East,0.52429,0.27362,0.3033,0.38384,0.28379,0.21065,0.29535
Hillingdon West,0.58158,0.28988,0.31034,0.50468,0.27112,0.18746,0.33269
Hillrise,0.66147,0.68988,0.67879,0.4465,0.38487,0.23078,0.66472
Hillside,0.32021,0.12117,0.1115,0.3911,0.37962,0.0171,0.13696
Hither Green,0.55749,0.50752,0.49183,0.58318,0.54443,0.21347,0.55691
Hoe Street,0.66311,0.50767,0.48149,0.63143,0.52989,0.21768,0.5814
Holborn & Covent Garden,0.42891,0.46525,0.42994,0.39231,0.66338,0.17535,0.44485
Holland,0.57138,0.28988,0.28978,0.66544,0.51266,0.04012,0.37189
Holloway,0.62448,0.50613,0.45706,0.56501,0.48205,0.214,0.57224
Homerton,0.73676,0.74334,0.63243,0.75839,0.47943,0.26044,0.80153
Hook & Chessington North,0.42133,0.26893,0.30079,0.38599,0.28688,0.28847,0.28344
"Hooley, Merstham & Netherne",0.53948,0.23313,0.23771,0.86228,0.2776,0.23772,0.37688
Hornsey,0.58648,0.4465,0.42994,0.47163,0.43898,0.11598,0.44624
Hounslow Central,0.81072,0.29064,0.23991,0.71686,0.5618,0.11828,0.4753
Hounslow East,0.67808,0.35377,0.30814,0.59739,0.49204,0.13756,0.44085
Hounslow Heath,0.61178,0.46727,0.38297,0.67894,0.42094,0.14579,0.49511
Hounslow South,0.49244,0.27491,0.29106,0.56442,0.41179,0.14711,0.33821
Hounslow West,0.5785,0.36298,0.29273,0.61512,0.43111,0.1639,0.40334
Hoxton East & Shoreditch,0.65567,0.75767,0.74834,0.72101,0.44018,0.27382,0.83975
Hoxton West,0.70552,0.81288,0.71752,0.72315,0.49463,0.38198,0.87231
Hyde Park,0.69499,0.30623,0.28393,0.43505,0.74351,0.1654,0.42251
Hylands & Harrow Lodge,0.48604,0.19975,0.24044,0.38708,0.23214,0.27326,0.23797
Ickenham & South Harefield,0.38428,0.16429,0.20689,0.45499,0.18502,0.11708,0.18443
Ilford Town,0.77111,0.54908,0.46881,0.60685,0.51855,0.21103,0.58818
Island Gardens,0.43732,0.35933,0.28675,0.42987,0.29772,0.14862,0.31251
Isleworth,0.59574,0.48006,0.45415,0.58435,0.37042,0.2209,0.50945
Jubilee,0.61589,0.64693,0.55157,0.72574,0.46797,0.44989,0.67943
Junction,0.77451,0.58457,0.56095,0.49939,0.51136,0.14104,0.64796
Kelsey & Eden Park,0.48491,0.19387,0.23595,0.43985,0.27782,0.13099,0.22858
Kenley,0.3706,0.19282,0.22639,0.60569,0.18857,0.12838,0.24323
Kennington,0.57463,0.54466,0.48862,0.49689,0.61973,0.1963,0.56359
Kentish Town North,0.62013,0.35046,0.37087,0.33668,0.47453,0.05842,0.35706
Kentish Town South,0.59712,0.50819,0.47467,0.35954,0.48851,0.12454,0.46347
Kenton,0.48573,0.34356,0.29093,0.70794,0.31946,0.11929,0.36314
Kenton East,0.43145,0.35276,0.27046,0.65015,0.31758,0.23468,0.34981
Kenton West,0.42887,0.26687,0.2311,0.55246,0.30026,0.13009,0.25706
Kew,0.53955,0.17003,0.18801,0.29566,0.46615,0.0365,0.19557
Kidbrooke Park,0.67241,0.46472,0.44975,0.57998,0.33757,0.23582,0.51145
Kidbrooke Village & Sutcliffe,0.53923,0.30675,0.30374,0.50093,0.34026,0.09323,0.3087
Kilburn,0.67398,0.65193,0.58282,0.54749,0.47684,0.19905,0.62839
King George's & Sunray,0.37125,0.21856,0.2146,0.44082,0.3779,0.17339,0.22744
King's Cross,0.65017,0.62883,0.58106,0.43587,0.38893,0.18297,0.55142
King's Park,0.64711,0.75883,0.66083,0.71231,0.45718,0.25615,0.78279
Kingsbury,0.55385,0.30752,0.25421,0.6456,0.4057,0.21487,0.36748
Kingston Gate,0.33225,0.21831,0.21204,0.35309,0.35057,0.07021,0.186
Kingston Town,0.5333,0.24156,0.24321,0.48446,0.44863,0.06819,0.28406
Knight's Hill,0.619,0.50442,0.49302,0.48725,0.5823,0.18987,0.55515
Knightsbridge & Belgravia,0.39605,0.23365,0.22155,0.41432,0.64482,0.09085,0.30531
Lady Margaret,0.54637,0.42844,0.41524,0.55965,0.36701,0.23139,0.45972
Ladywell,0.55277,0.43252,0.38297,0.52992,0.49739,0.12426,0.44654
Lancaster Gate,0.59186,0.2546,0.23991,0.46452,0.59233,0.10291,0.33365
Langley Green & Tushmore,0.5035,0.38037,0.39618,0.60041,0.08882,0.63468,0.48141
Lansbury,0.7056,0.89469,0.7711,0.55487,0.47172,0.61058,0.88598
Larkswood,0.6445,0.41015,0.4056,0.55413,0.43268,0.33478,0.49908
Lavender,0.58174,0.17215,0.17388,0.37341,0.56868,0.06289,0.25458
Lavender Fields,0.51442,0.47107,0.39429,0.44401,0.38176,0.26909,0.42967
Laycock,0.68491,0.61215,0.562,0.46925,0.47784,0.28511,0.64051
Lea Bridge,0.64549,0.5581,0.47902,0.71835,0.56507,0.26199,0.64429
Lee Green,0.56209,0.35699,0.34388,0.49749,0.49221,0.17274,0.40529
Leyton,0.62331,0.53374,0.48057,0.68723,0.48422,0.27685,0.59533
Leytonstone,0.58553,0.33917,0.31945,0.61101,0.65866,0.14745,0.45113
Lillie,0.6072,0.70245,0.64414,0.50005,0.49934,0.18222,0.69826
Limehouse,0.62019,0.42126,0.37417,0.57078,0.54331,0.15337,0.4865
Little Ilford,0.57089,0.57331,0.46089,0.8495,0.4448,0.37076,0.64183
Little Venice,0.52567,0.3566,0.32245,0.31369,0.56563,0.12713,0.35299
London Bridge & West Bermondsey,0.69753,0.41871,0.38297,0.61911,0.5568,0.21906,0.58683
London Fields,0.7073,0.54969,0.4446,0.71241,0.54243,0.12639,0.62821
Longbridge,0.5765,0.3727,0.325,0.68878,0.36226,0.25471,0.44914
Longlands,0.35099,0.22445,0.23185,0.40475,0.30314,0.18127,0.23046
Longthornton,0.5907,0.35365,0.33834,0.35591,0.40115,0.23178,0.35722
Lower Edmonton,0.62211,0.72052,0.60699,0.79286,0.43213,0.50969,0.73853
Lower Morden,0.47219,0.18362,0.2138,0.2886,0.32947,0.21327,0.20367
Loxford,0.60359,0.65994,0.48484,0.59885,0.38654,0.32241,0.58842
Maida Vale,0.59216,0.46012,0.4358,0.3281,0.47977,0.08303,0.41378
Manor Park,0.60348,0.55712,0.44293,0.84354,0.4522,0.32744,0.63711
Markhouse,0.69634,0.58972,0.51173,0.64363,0.44137,0.33182,0.64563
Marlborough,0.48651,0.32617,0.31989,0.5164,0.37678,0.0772,0.31379
Marshalls & Rise Park,0.503,0.19531,0.22107,0.37154,0.2268,0.29671,0.22976
Maryland,0.64035,0.43966,0.34921,0.80498,0.41251,0.24965,0.53998
Marylebone,0.51254,0.15706,0.15407,0.37185,0.75588,0.04473,0.26323
Mawneys,0.52255,0.34086,0.33182,0.39111,0.27232,0.4562,0.36002
Mayesbrook,0.68027,0.64067,0.56913,0.79038,0.41923,0.52422,0.76069
Mayfield,0.60666,0.3992,0.30374,0.47215,0.32396,0.20388,0.35583
Merton Park,0.43878,0.17485,0.15583,0.30581,0.45594,0.0297,0.17401
Middle Park & Horn Park,0.67362,0.64623,0.6625,0.72944,0.34279,0.46279,0.7431
Mildmay,0.68319,0.59779,0.52054,0.46181,0.48035,0.22599,0.60779
Mile End,0.71439,0.63957,0.4523,0.53617,0.41955,0.3463,0.6136
Mill Hill,0.50372,0.25957,0.24761,0.54432,0.32843,0.07242,0.2664
Molesey West,0.46002,0.16871,0.15847,0.15732,0.22859,0.07769,0.11326
Monkhams,0.47272,0.12169,0.15112,0.34132,0.28484,0.05095,0.13084
Moor Park & Eastbury,0.17641,0.04601,0.06603,0.33251,0.05188,0.00373,0.03583
Mortlake & Barnes Common,0.51318,0.22583,0.23824,0.28282,0.38266,0.05206,0.20763
Motspur Park & Old Malden East,0.37856,0.19755,0.21922,0.48216,0.30708,0.09433,0.20348
Mottingham,0.70947,0.56617,0.55153,0.46653,0.28849,0.43009,0.58681
"Mottingham, Coldharbour & New Eltham",0.5784,0.35813,0.42206,0.41126,0.25849,0.27496,0.392
Munster,0.52108,0.26994,0.27953,0.37853,0.44713,0.10353,0.29448
Muswell Hill,0.62699,0.19755,0.20777,0.47625,0.51882,0.03826,0.2931
Myatt's Fields,0.65276,0.63752,0.59647,0.5188,0.55454,0.21444,0.64772
New Addington North,0.60534,0.80193,0.7232,0.61603,0.22224,0.7036,0.79554
New Addington South,0.58399,0.65644,0.64771,0.6343,0.24115,0.65546,0.72445
New Cross Gate,0.68083,0.60583,0.50183,0.78254,0.52839,0.21796,0.69279
New Malden Village,0.51628,0.28273,0.26412,0.38908,0.45944,0.06377,0.26866
New Southgate,0.54898,0.42739,0.38152,0.6115,0.44766,0.18874,0.44704
Newbury,0.50554,0.38138,0.30739,0.46839,0.39068,0.14938,0.33056
Newington,0.65147,0.59969,0.51855,0.59568,0.55724,0.21618,0.63888
Noel Park,0.7942,0.60773,0.56566,0.62509,0.54086,0.35551,0.70879
Nonsuch,0.44103,0.05521,0.08144,0.39034,0.13206,0.01619,0.08031
Norbiton,0.51466,0.45706,0.40353,0.50457,0.38096,0.22533,0.43704
Norbury & Pollards Hill,0.63326,0.36107,0.31567,0.57297,0.48782,0.20584,0.42794
Norbury Park,0.6096,0.41104,0.37329,0.51726,0.36204,0.21035,0.42687
Nork,0.32409,0.14724,0.11885,0.29803,0.27977,0.08206,0.10784
Norland,0.6533,0.22086,0.23991,0.55605,0.65717,0.03639,0.34645
North Acton,0.55594,0.45181,0.40186,0.68179,0.43495,0.19342,0.48631
North Bermondsey,0.6919,0.58098,0.4851,0.56314,0.39118,0.2575,0.62052
North Cheam,0.44782,0.15285,0.16582,0.29772,0.26938,0.18638,0.16079
North Greenford,0.49235,0.31325,0.26412,0.58575,0.38257,0.18732,0.33113
North Hanwell,0.51882,0.48638,0.49839,0.56408,0.45039,0.1736,0.49597
North Harrow,0.33008,0.22469,0.2212,0.44939,0.2319,0.04213,0.17893
North Richmond,0.56101,0.23261,0.26267,0.30879,0.46949,0.01965,0.23695
North Walworth,0.66386,0.63344,0.55905,0.62471,0.62445,0.21689,0.6834
Northbury,0.62831,0.60429,0.4424,0.84642,0.45796,0.29257,0.65397
Northcote,0.42123,0.11043,0.10455,0.24,0.46309,0.00576,0.1238
Northfield,0.50159,0.20055,0.2146,0.39055,0.48166,0.02732,0.23202
Northolt Mandeville,0.61175,0.53169,0.49597,0.69287,0.36975,0.30774,0.57094
Northolt West End,0.67627,0.65166,0.57666,0.81378,0.37366,0.34645,0.70286
Northumberland Heath,0.49436,0.38475,0.4163,0.36725,0.30286,0.40339,0.39538
Northumberland Park,0.7848,0.87347,0.86609,0.69549,0.47124,0.61085,0.97963
Northwick Park,0.48158,0.32034,0.2591,0.60694,0.29986,0.11584,0.31158
Northwood,0.41133,0.24583,0.27354,0.45259,0.1538,0.06166,0.22267
Northwood Hills,0.4491,0.28745,0.31694,0.43832,0.20614,0.10547,0.27472
Norwood Green,0.61819,0.6181,0.6537,0.74813,0.38145,0.29416,0.68577
Notting Dale,0.63585,0.93353,0.86939,0.66938,0.46104,0.27023,0.86573
Nunhead & Queen's Road,0.6662,0.66475,0.63076,0.61515,0.49991,0.23552,0.71194
Oakwood,0.398,0.28037,0.25532,0.50779,0.2538,0.12888,0.25232
Old Coulsdon,0.45613,0.29098,0.29872,0.54251,0.16106,0.20926,0.31074
Old Kent Road,0.64375,0.68801,0.59616,0.63221,0.44663,0.30518,0.67136
Old Malden,0.39693,0.30445,0.30154,0.3843,0.31123,0.12074,0.24864
Orpington,0.5333,0.29985,0.32742,0.44486,0.25197,0.19628,0.31387
Orsett,0.46452,0.13497,0.18929,0.5449,0.32729,0.40501,0.26833
Osterley & Spring Grove,0.57621,0.2362,0.21759,0.64002,0.43114,0.04011,0.31301
Oval,0.62134,0.39141,0.34512,0.47554,0.84746,0.16258,0.50892
Palace & Hurlingham,0.55611,0.22742,0.20689,0.36682,0.44738,0.06614,0.24738
Palmers Green,0.56802,0.35153,0.30814,0.56036,0.4767,0.11562,0.37717
Park Hill & Whitgift,0.57846,0.16052,0.17022,0.5874,0.28549,0.02878,0.22566
Parsloes,0.61963,0.66028,0.65149,0.77821,0.42673,0.43995,0.76725
Parsons Green & Sandford,0.66532,0.20429,0.2113,0.3817,0.5783,0.03678,0.28079
Peckham,0.64354,0.7673,0.63578,0.65234,0.41334,0.2189,0.71219
Peckham Rye,0.51084,0.45092,0.43316,0.53358,0.43273,0.11962,0.4419
Pembridge,0.66948,0.19632,0.18708,0.6366,0.69665,0.02682,0.35506
Penge & Cator,0.64185,0.44402,0.42589,0.49673,0.42967,0.20601,0.46051
Perivale,0.46266,0.35583,0.30277,0.6064,0.43089,0.1904,0.37873
Perry Vale,0.619,0.46319,0.41709,0.52941,0.54013,0.18898,0.50335
Petts Wood & Knoll,0.38631,0.10328,0.14967,0.32986,0.19803,0.05957,0.10484
Pimlico North,0.5181,0.4277,0.37857,0.37501,0.56388,0.05651,0.39041
Pimlico South,0.46942,0.58834,0.57842,0.39795,0.501,0.19145,0.51329
Pinkwell,0.58743,0.45129,0.39231,0.59736,0.38113,0.38821,0.48316
Pinner,0.38913,0.25328,0.26474,0.566,0.2062,0.07549,0.25021
Pinner South,0.37503,0.16291,0.17216,0.45996,0.19928,0.02374,0.14337
Pitshanger,0.49747,0.45193,0.45486,0.59817,0.38814,0.12893,0.45805
Plaistow,0.61319,0.34239,0.34996,0.46382,0.32715,0.16753,0.35547
Plaistow North,0.58993,0.58436,0.45288,0.8298,0.4512,0.28564,0.63398
Plaistow South,0.65114,0.48862,0.40437,0.80422,0.5734,0.30497,0.62614
Plaistow West & Canning Town East,0.65324,0.62423,0.52771,0.83673,0.45514,0.32895,0.71805
Plashet,0.57676,0.48344,0.34071,0.82618,0.52543,0.24485,0.54718
Plumstead & Glyndon,0.62005,0.58393,0.49822,0.57464,0.40052,0.30341,0.57906
Plumstead Common,0.57957,0.45604,0.4715,0.47052,0.37065,0.25123,0.46649
Pollards Hill,0.5743,0.545,0.49448,0.49249,0.3919,0.25846,0.50799
Ponders End,0.65461,0.69018,0.58767,0.77232,0.50391,0.45466,0.72233
Poplar,0.67604,0.76227,0.60087,0.48846,0.45292,0.49113,0.71876
Portsoken,0.17366,0.64724,0.59867,0.67866,0.42253,0.35622,0.60041
Preston,0.48318,0.33794,0.27147,0.69792,0.37829,0.14083,0.35938
Primrose Hill,0.56633,0.31153,0.28124,0.32591,0.43734,0.07054,0.27773
Purley & Woodcote,0.48561,0.24202,0.29405,0.58264,0.27843,0.08708,0.29559
Purley Oaks & Riddlesdown,0.42225,0.20451,0.2223,0.4998,0.30622,0.08741,0.22526
Queen's Gate,0.42258,0.07721,0.06238,0.56563,0.60509,0.01233,0.2049
Queen's Park,0.60337,0.76534,0.72338,0.40181,0.52665,0.27932,0.67815
Queens Park,0.58598,0.37485,0.36448,0.58185,0.49379,0.10753,0.41453
Queensbury,0.58729,0.36368,0.29005,0.68043,0.3365,0.18985,0.40118
Rainham & Wennington,0.56815,0.3608,0.38077,0.33514,0.26971,0.45121,0.38508
Ravensbury,0.56727,0.48957,0.47365,0.44608,0.43655,0.26916,0.47987
Ravenscourt,0.66747,0.3908,0.41819,0.5115,0.62177,0.06029,0.48993
Rayners Lane,0.4701,0.27402,0.22595,0.48139,0.28689,0.08717,0.23828
Raynes Park,0.41354,0.18748,0.18321,0.34893,0.44926,0.04019,0.19692
Redcliffe,0.54998,0.2188,0.20909,0.5468,0.60035,0.06839,0.30809
Regent's Park,0.49229,0.36393,0.30972,0.39166,0.50927,0.18295,0.35709
Reigate,0.38656,0.1135,0.10125,0.35797,0.29054,0.00901,0.11004
Rickmansworth Town,0.54048,0.11043,0.11885,0.47594,0.10483,0.02879,0.12655
Ridgeway,0.37131,0.32034,0.38487,0.71338,0.20782,0.13074,0.36445
Roehampton,0.59183,0.56442,0.47541,0.60453,0.32427,0.28227,0.55722
Rotherhithe,0.63306,0.49233,0.40939,0.5569,0.4885,0.21987,0.52453
Roundwood,0.67685,0.77301,0.77145,0.78637,0.49565,0.39529,0.84296
Roxbourne,0.57076,0.56012,0.51151,0.63785,0.26921,0.2803,0.52342
Roxeth,0.52452,0.38301,0.32073,0.55418,0.31009,0.18893,0.35753
Royal Hospital,0.53598,0.16126,0.14654,0.51442,0.6336,0.04588,0.26891
Ruislip,0.45985,0.19724,0.21482,0.35477,0.22742,0.10982,0.18848
Ruislip Manor,0.46173,0.15236,0.17243,0.33139,0.27086,0.14355,0.16042
Rush Green & Crowlands,0.57317,0.40644,0.38002,0.43607,0.36359,0.33489,0.42271
Rushey Green,0.66827,0.59816,0.61716,0.61104,0.66672,0.2682,0.71273
Rye Lane,0.73246,0.46779,0.43492,0.5196,0.50822,0.13671,0.53442
Sanderstead,0.36571,0.14963,0.20593,0.44016,0.17667,0.10425,0.17355
Sands End,0.53538,0.45215,0.34952,0.47157,0.59718,0.11738,0.44555
Selhurst,0.75575,0.69377,0.65295,0.6826,0.52482,0.3871,0.80437
Selsdon & Addington Village,0.507,0.29623,0.29744,0.55925,0.21552,0.21799,0.33837
Selsdon Vale & Forestdale,0.48879,0.22393,0.24964,0.50235,0.19401,0.18975,0.26773
Seven Kings,0.62116,0.43021,0.35489,0.5157,0.39501,0.20249,0.42381
Seven Sisters,0.73038,0.72929,0.58767,0.6189,0.46248,0.43498,0.73951
Shacklewell,0.62554,0.61043,0.49126,0.70429,0.44132,0.16697,0.6506
Shadwell,0.68038,0.68905,0.51943,0.52855,0.50287,0.2971,0.65571
Shaftesbury & Queenstown,0.57496,0.39494,0.40608,0.41649,0.51628,0.13455,0.42132
Shenley,0.64243,0.31902,0.28613,0.78258,0.67669,0.37532,0.5277
Shepherd's Bush Green,0.67108,0.63497,0.71457,0.63562,0.56666,0.13989,0.74237
Shirley North,0.45055,0.35037,0.35999,0.54094,0.24724,0.26478,0.3721
Shirley South,0.50612,0.39518,0.35511,0.43433,0.21639,0.26009,0.35457
Shooters Hill,0.58717,0.43908,0.42259,0.47639,0.31149,0.1662,0.42143
Shortlands & Park Langley,0.35399,0.14724,0.16239,0.47466,0.25522,0.04189,0.15754
Sidcup,0.44003,0.32242,0.3419,0.49157,0.27848,0.2431,0.34177
Slade Green & Northend,0.58637,0.66923,0.6559,0.66929,0.24974,0.50316,0.69871
South Acton,0.6404,0.62699,0.57622,0.64748,0.51456,0.19479,0.65864
South Balham,0.58079,0.31902,0.30959,0.5435,0.58423,0.06029,0.40169
South Beddington & Roundshaw,0.53352,0.46715,0.50935,0.46558,0.14416,0.3405,0.47405
South Bermondsey,0.65806,0.57429,0.51503,0.58826,0.48225,0.2651,0.61705
South Chafford,0.52949,0.1319,0.14086,0.47273,0.14005,0.08849,0.16238
South Croydon,0.51946,0.27607,0.2922,0.53791,0.40247,0.15209,0.34073
South Hampstead,0.52113,0.41675,0.36598,0.42012,0.36944,0.14666,0.35836
South Hornchurch,0.56502,0.36012,0.3636,0.32447,0.23752,0.39553,0.36278
South Norwood,0.65647,0.54571,0.53264,0.61875,0.51715,0.27878,0.61996
South Richmond,0.50325,0.1788,0.19056,0.28425,0.41046,0.02276,0.17437
South Ruislip,0.46152,0.22871,0.21424,0.3884,0.29547,0.19767,0.22956
South Tottenham,0.75573,0.62098,0.57081,0.65003,0.50065,0.47782,0.73233
South Twickenham,0.4043,0.12322,0.15482,0.22103,0.38658,0.00969,0.11645
South Woodford,0.54556,0.15337,0.15407,0.34729,0.387,0.05894,0.17452
Southall Broadway,0.66792,0.54702,0.52459,0.73185,0.42411,0.37232,0.65225
Southall Green,0.66704,0.59356,0.46221,0.71995,0.555,0.42176,0.67635
Southall West,0.55047,0.45706,0.4424,0.74871,0.38155,0.41389,0.56754
Southbury,0.58133,0.47966,0.43029,0.61106,0.49067,0.24752,0.5063
Southfield,0.51616,0.26721,0.23722,0.45375,0.44138,0.05259,0.27402
Southfields,0.41965,0.14988,0.14588,0.27778,0.44291,0.02758,0.15554
Southgate,0.40855,0.28528,0.26852,0.62673,0.27931,0.09227,0.29083
Spitalfields & Banglatown,0.66125,0.64825,0.5532,0.53342,0.59271,0.24913,0.67448
Springfield,0.52711,0.59294,0.54277,0.71651,0.46867,0.59554,0.69223
Squirrels Heath,0.47026,0.20313,0.22987,0.33144,0.25063,0.21079,0.21042
St Alban's,0.57796,0.3566,0.35546,0.32819,0.39506,0.32805,0.3799
St Andrew's,0.4676,0.24607,0.25237,0.28724,0.24497,0.2752,0.23508
St Ann's,0.69578,0.53988,0.45046,0.59877,0.46342,0.28548,0.56793
St Dunstan's,0.66625,0.7004,0.58401,0.54021,0.51237,0.32012,0.69408
St Edward's,0.62186,0.34255,0.31399,0.44667,0.34445,0.28539,0.39149
St George's,0.69609,0.52301,0.55355,0.56674,0.72118,0.19961,0.67907
St Giles,0.60391,0.58018,0.51376,0.58192,0.49883,0.1641,0.58109
St Helier,0.59008,0.49488,0.47836,0.42365,0.60065,0.28975,0.52356
St Helier East,0.59783,0.54064,0.54365,0.48119,0.40537,0.46291,0.57305
St Helier West,0.55908,0.52979,0.51693,0.47157,0.46534,0.46598,0.57469
St James,0.64593,0.44837,0.39693,0.59813,0.50406,0.21567,0.51174
St James's,0.42129,0.42485,0.57886,0.36751,0.69552,0.12177,0.51354
St Katharine's & Wapping,0.48736,0.27423,0.22626,0.41077,0.38606,0.09336,0.25889
St Margarets & North Twickenham,0.48886,0.10868,0.13206,0.23477,0.44791,0.0068,0.13319
St Mark's & Seething Wells,0.36425,0.14067,0.16036,0.43896,0.41984,0.03954,0.18297
St Martin's,0.6436,0.53936,0.48937,0.50042,0.59712,0.19332,0.57105
St Mary Cray,0.63371,0.44534,0.44218,0.46709,0.26772,0.34993,0.46462
St Mary's,0.53781,0.32463,0.24066,0.52051,0.55365,0.04775,0.34666
St Mary's & St James,0.51421,0.22218,0.25404,0.40099,0.23559,0.1915,0.25444
St Mary's & St James',0.68145,0.5358,0.46881,0.43404,0.54741,0.17217,0.56035
St Pancras & Somers Town,0.68687,0.69193,0.64648,0.39638,0.54042,0.3808,0.69503
St Paul's Cray,0.71603,0.6358,0.60466,0.56716,0.27089,0.4944,0.6656
St Peter's & Canalside,0.66417,0.5092,0.46397,0.46569,0.6531,0.25014,0.57379
St Peters,0.74488,1.0,0.69992,0.40927,0.49504,0.91115,0.96047
St. Helen's,0.69557,0.5266,0.5664,0.62065,0.56043,0.103,0.58482
Stamford,0.45752,0.15951,0.20689,0.67553,0.2106,0.10538,0.23644
Stamford Hill West,0.44988,0.59632,0.51415,0.71367,0.5266,0.46421,0.65842
Stanley,0.54539,0.26433,0.24211,0.54295,0.62962,0.07273,0.34264
Stanmore,0.4321,0.35353,0.33288,0.69042,0.19986,0.11288,0.34502
Stanwell North,0.64018,0.32515,0.37857,0.40231,0.44521,0.62437,0.46791
Stepney Green,0.66784,0.68712,0.54395,0.50573,0.49358,0.32378,0.68754
Stockwell East,0.71385,0.56543,0.48347,0.49117,0.63826,0.13696,0.60746
Stockwell West & Larkhall,0.59083,0.57552,0.46168,0.53346,0.64281,0.21432,0.60075
Stoke Newington,0.69722,0.44696,0.39178,0.6778,0.55302,0.07937,0.54786
Stonebridge,0.71878,0.89776,0.88185,0.97016,0.41614,0.44942,0.97995
Stonecot,0.44723,0.19264,0.22802,0.29781,0.3062,0.21459,0.20602
Stratford,0.7475,0.48313,0.34556,0.82669,0.67492,0.16818,0.6506
Streatham Common & Vale,0.55792,0.42515,0.37197,0.47708,0.5752,0.18425,0.44959
Streatham Hill East,0.58549,0.50482,0.4446,0.46986,0.59006,0.18588,0.52712
Streatham Hill West & Thornton,0.56739,0.24408,0.22763,0.3876,0.67016,0.04931,0.32146
Streatham St Leonard's,0.6443,0.36233,0.34283,0.51284,0.77824,0.12522,0.48818
Streatham Wells,0.53548,0.36196,0.34424,0.45573,0.61169,0.09638,0.4032
Stroud Green,0.63715,0.38607,0.38927,0.50964,0.46315,0.08391,0.42932
Sudbury,0.55333,0.39353,0.32702,0.82184,0.38359,0.19288,0.46663
Surbiton Hill,0.40708,0.25957,0.24761,0.4611,0.40423,0.10379,0.27084
Surrey Docks,0.59792,0.27825,0.25782,0.56135,0.37584,0.1398,0.36811
Sutton Central,0.56262,0.38405,0.37769,0.40704,0.41109,0.1816,0.39765
Sutton North,0.47972,0.27147,0.27072,0.40029,0.33511,0.17653,0.26646
Sutton South,0.3926,0.26788,0.27367,0.48345,0.3092,0.09416,0.27068
Sutton West & East Cheam,0.42932,0.19896,0.20377,0.37178,0.32193,0.10782,0.20091
Sydenham,0.61574,0.51963,0.48466,0.59003,0.47527,0.20999,0.55857
Syon & Brentford Lock,0.72022,0.47647,0.48422,0.64049,0.38433,0.26559,0.57571
Teddington,0.34116,0.13242,0.16582,0.28451,0.34303,0.01566,0.12474
Telegraph Hill,0.55502,0.48681,0.43492,0.55724,0.54934,0.19195,0.51478
Thames View,0.77086,0.79755,0.74394,0.84461,0.63527,0.44735,0.98327
Thamesfield,0.51596,0.1296,0.12819,0.35909,0.53387,0.02545,0.19801
Thamesmead East,0.57913,0.60224,0.5175,0.65411,0.1738,0.28182,0.55052
Thamesmead Moorings,0.53488,0.57362,0.49681,0.71118,0.20946,0.26712,0.55766
The Wrythe,0.55308,0.34837,0.34837,0.36157,0.3714,0.26496,0.36449
Thornton Heath,0.65097,0.53558,0.49831,0.5929,0.51712,0.30733,0.60126
Tokyngton,0.48263,0.3773,0.32355,0.76538,0.47607,0.31925,0.48276
Tollington,0.70754,0.56178,0.52886,0.46191,0.43013,0.13826,0.56667
Tolworth,0.54619,0.29359,0.27292,0.41903,0.36226,0.17211,0.29322
Tooting Bec,0.63159,0.38847,0.31936,0.4612,0.54154,0.10379,0.41046
Tooting Broadway,0.59104,0.40969,0.32135,0.51004,0.45245,0.15967,0.42322
Tottenham Central,0.75843,0.61656,0.54972,0.62412,0.54895,0.38886,0.69525
Tottenham Hale,0.77399,0.72086,0.55905,0.63313,0.49037,0.49673,0.7489
Totteridge & Woodside,0.3452,0.21472,0.21737,0.54092,0.24108,0.05849,0.21972
Town,0.45727,0.28834,0.28833,0.5093,0.34629,0.1554,0.29861
Trinity,0.5363,0.23095,0.26791,0.41901,0.44472,0.0565,0.28812
Tudor,0.3903,0.14724,0.18048,0.2942,0.25779,0.01809,0.12271
Tufnell Park,0.68783,0.53813,0.54836,0.49466,0.48139,0.14505,0.59436
Twickenham Riverside,0.47264,0.11862,0.13061,0.27986,0.46371,0.00999,0.13678
Underhill,0.54637,0.4277,0.45842,0.51665,0.25602,0.20879,0.41997
Upminster,0.45474,0.11043,0.15847,0.30448,0.20553,0.14449,0.14041
Upper Edmonton,0.69835,0.70485,0.58498,0.82392,0.4863,0.53954,0.78833
Upper Walthamstow,0.62512,0.45475,0.4523,0.63171,0.4774,0.25595,0.52481
Uxbridge,0.53523,0.33181,0.28978,0.47911,0.29324,0.16034,0.33078
Valence,0.63127,0.65236,0.60404,0.74612,0.48668,0.49131,0.7521
Valentines,0.59128,0.39834,0.33583,0.56334,0.35577,0.12233,0.38104
Valley,0.60828,0.45534,0.43773,0.58822,0.41873,0.34819,0.51303
Vauxhall,0.62027,0.44377,0.39473,0.51792,0.79672,0.07771,0.51698
Victoria,0.6826,0.65454,0.59977,0.71189,0.42472,0.19221,0.71164
Village,0.48476,0.34969,0.3132,0.59193,0.32874,0.22207,0.40566
Vincent Square,0.37886,0.47362,0.52208,0.38431,0.56276,0.0889,0.43995
Waddon,0.58471,0.53067,0.49113,0.6533,0.43053,0.33488,0.59768
Walbrook,0.11294,0.04294,0.04842,0.78775,0.71685,0.02834,0.28466
Walham Green,0.63997,0.46985,0.438,0.45768,0.4896,0.13405,0.49042
Wall End,0.56905,0.48773,0.38394,0.83948,0.47366,0.30083,0.5802
Wallington North,0.46141,0.27258,0.32702,0.34451,0.3555,0.13454,0.27287
Wallington South,0.43624,0.33537,0.35436,0.38396,0.38838,0.12082,0.31395
Walpole,0.56322,0.2684,0.26632,0.44693,0.535,0.04137,0.31598
Waltham Abbey South & Rural,0.75087,0.35276,0.36537,0.73462,0.62218,0.49134,0.60102
Waltham Cross,0.75562,0.35276,0.35216,0.48499,0.26802,0.3658,0.42087
Walton South,0.40855,0.10429,0.14086,0.16465,0.18027,0.02434,0.06404
Wandle,0.51852,0.35788,0.29542,0.39492,0.42499,0.07168,0.32107
Wandsworth Common,0.51482,0.2227,0.2179,0.45995,0.46027,0.09659,0.28472
Wandsworth Town,0.50253,0.24497,0.22389,0.40443,0.43708,0.07077,0.25312
Wanstead Park,0.67656,0.25828,0.27292,0.46436,0.41543,0.08712,0.32543
Wanstead Village,0.51478,0.22316,0.2223,0.38848,0.40686,0.06593,0.23807
Warlingham West,0.48026,0.14724,0.16287,0.26605,0.15776,0.18721,0.13525
Waterloo & South Bank,0.56737,0.30613,0.28085,0.5079,0.76269,0.16229,0.43929
Wealdstone North,0.52534,0.51656,0.43844,0.6203,0.29076,0.25047,0.4699
Wealdstone South,0.52082,0.44377,0.3316,0.67338,0.31026,0.187,0.41096
Weavers,0.85172,0.69755,0.53968,0.51176,0.5459,0.25303,0.73172
Welsh Harp,0.60185,0.45031,0.38385,0.76085,0.38807,0.28152,0.51971
Wembley Central,0.5483,0.38561,0.29555,0.80026,0.36482,0.32481,0.46482
Wembley Hill,0.61944,0.39018,0.39002,0.73673,0.41476,0.20929,0.482
Wendell Park,0.46277,0.33028,0.30228,0.44445,0.4406,0.0328,0.30276
West Barnes,0.40667,0.20193,0.19003,0.35843,0.3552,0.04592,0.17399
West Drayton,0.73053,0.48248,0.4509,0.47636,0.33249,0.43632,0.55123
West Dulwich,0.62834,0.37362,0.36977,0.45126,0.58747,0.11264,0.42958
West End,0.49305,0.22454,0.23683,0.41802,0.75567,0.11128,0.32222
West Finchley,0.5131,0.27301,0.24321,0.45989,0.36857,0.04979,0.25427
West Green,0.71461,0.69785,0.62618,0.61942,0.47017,0.36188,0.72641
West Ham,0.6191,0.53258,0.4501,0.79644,0.39287,0.25912,0.59601
West Hampstead,0.54144,0.34224,0.33327,0.35485,0.48259,0.09715,0.33369
West Harrow,0.53107,0.39724,0.36242,0.56433,0.3233,0.07625,0.3618
West Heath,0.35405,0.19666,0.24506,0.35953,0.25522,0.23882,0.21154
West Hendon,0.58426,0.3727,0.32443,0.66639,0.43067,0.19814,0.42183
West Hill,0.43341,0.41258,0.36272,0.48813,0.31563,0.12627,0.36496
West Kensington,0.54831,0.5,0.45266,0.5382,0.51476,0.14888,0.51716
West Putney,0.46024,0.34166,0.32575,0.50112,0.38818,0.11199,0.3466
West Thamesmead,0.59978,0.44991,0.36611,0.69135,0.20222,0.18679,0.47889
West Thornton,0.67937,0.55521,0.4858,0.60986,0.51453,0.2621,0.6082
West Twickenham,0.52213,0.20684,0.23331,0.30205,0.40346,0.0653,0.21276
West Wickham,0.31819,0.11503,0.16331,0.41194,0.21059,0.07093,0.12773
Westbourne,0.63243,0.86402,0.80411,0.43195,0.51368,0.25609,0.76667
Whalebone,0.6054,0.4589,0.38385,0.74013,0.45365,0.32322,0.55099
Wheatley Hills & Intake,0.84308,0.61656,0.58987,0.17997,0.19496,1.0,0.75806
Whetstone,0.51346,0.26117,0.25342,0.42176,0.27789,0.06435,0.23226
White City,0.51624,0.78221,0.70696,0.54203,0.3736,0.29363,0.69722
White Hart Lane,0.76243,0.75804,0.65642,0.72791,0.55702,0.48549,0.83629
Whitechapel,0.64323,0.5908,0.41203,0.52769,0.54292,0.25813,0.56816
Whitewebbs,0.49514,0.43558,0.40353,0.62409,0.41236,0.26423,0.46305
Whitton,0.49733,0.21525,0.22375,0.33968,0.37944,0.10493,0.21532
Willesden Green,0.62646,0.45874,0.39697,0.67038,0.45254,0.1908,0.49938
William Morris,0.591,0.53629,0.44975,0.60491,0.4657,0.29325,0.55436
Wimbledon Park,0.40505,0.10552,0.14262,0.21546,0.43205,0.00347,0.12034
Wimbledon Town & Dundonald,0.39921,0.12767,0.15684,0.26329,0.44655,0.00999,0.14211
Winchmore Hill,0.44994,0.23672,0.2267,0.52552,0.34424,0.06422,0.24314
Wood End,0.68105,0.55282,0.51063,0.52694,0.34466,0.40901,0.58061
Wood Street,0.58771,0.54347,0.46441,0.61718,0.56949,0.25577,0.58354
Woodberry Down,0.67951,0.80123,0.71929,0.74673,0.52048,0.38529,0.83926
Woodhouse,0.55879,0.38387,0.35594,0.47127,0.37964,0.10108,0.3533
Woodside,0.63514,0.505,0.47194,0.61006,0.4561,0.27517,0.56261
Woolwich Arsenal,0.6954,0.71166,0.55245,0.66728,0.31585,0.41701,0.70383
Woolwich Common,0.62511,0.65733,0.57164,0.69805,0.30451,0.36929,0.68259
Woolwich Dockyard,0.5349,0.60531,0.61923,0.60073,0.28443,0.32157,0.60578
Worcester Park North,0.42559,0.22025,0.21834,0.37133,0.25203,0.17407,0.20504
Worcester Park South,0.3909,0.13558,0.1664,0.25882,0.22534,0.10613,0.12079
Wormholt,0.68176,0.63067,0.59603,0.49163,0.54094,0.18448,0.63337
Yeading,0.6935,0.53451,0.48149,0.63255,0.25282,0.36948,0.57153
Yiewsley,0.69415,0.54908,0.50183,0.63172,0.30276,0.59293,0.66509
