Ward name,crime decile,income decile,employment decile,housing decile,environment decile,education decile,IMD decile
Abbey,2,3,2,1,6,3,2
Abbey Road,1,2,2,1,8,2,2
Abbey Wood,8,8,8,5,3,8,8
Abingdon,3,0,0,6,9,0,2
Addiscombe East,4,3,4,2,3,4,3
Addiscombe West,3,5,4,5,7,5,5
Addison,8,6,6,4,8,2,6
Aldborough,4,3,3,4,3,4,3
Aldersgate,0,0,0,4,6,0,0
Alexandra,1,0,0,0,1,0,0
Alexandra Park,4,1,1,2,5,0,1
Alibon,5,7,7,8,3,8,7
Alperton,2,4,3,9,5,8,5
Arnos Grove,2,1,1,4,3,0,1
Arsenal,8,7,8,3,9,4,7
Ashford East,0,0,0,2,4,7,1
Ashford North and Stanwell South,8,3,5,6,3,9,5
Aveley and Uplands,6,2,2,1,0,9,3
Avonmore,3,4,4,5,8,2,4
Balham,5,2,1,1,5,0,1
Barking Riverside,9,8,8,9,2,8,9
Barkingside,3,2,1,2,2,2,1
Barnehurst,0,2,3,2,1,8,2
Barnes,1,1,1,0,4,1,1
Barnet Vale,2,2,2,4,2,1,2
Barnhill,5,5,5,8,3,4,5
Barnsbury,4,5,5,2,8,4,5
Battersea Park,4,5,4,4,8,2,4
Bayswater,8,2,1,1,9,1,2
Beam,7,7,7,9,7,9,8
Beam Park,8,8,9,3,3,9,8
Beckenham Town & Copers Cope,3,1,1,4,1,2,1
Beckton,6,7,7,9,1,7,8
Becontree,8,8,9,9,6,9,9
Beddington,2,2,2,2,1,4,1
Bedfont,3,6,5,6,3,9,6
Bellingham,8,9,9,8,5,9,9
Belmont,0,2,2,3,1,2,1
Belmore,6,5,4,6,2,7,5
Belsize,2,0,0,0,5,1,0
Belvedere,4,6,5,5,3,8,5
Bensham Manor,7,6,6,6,6,6,6
Berrylands,0,0,0,2,2,0,0
Bethnal Green East,8,8,7,4,8,7,7
Bethnal Green West,9,8,7,5,8,6,8
Bexleyheath,2,2,2,1,2,5,2
Bickley & Sundridge,1,1,2,4,1,1,1
Biggin Hill,0,1,1,1,0,6,0
Blackfen & Lamorbey,0,0,1,0,1,6,0
Blackheath,5,4,4,4,7,3,4
Blackheath Westcombe,5,3,3,4,3,1,3
Blackwall & Cubitt Town,0,7,8,3,0,8,6
Blendon & Penhill,0,0,1,1,1,6,1
Bloomsbury,4,1,1,2,9,2,3
Boleyn,4,7,6,9,6,8,7
Borough & Bankside,0,5,6,6,9,3,5
Bounds Green,6,5,5,6,8,3,5
Bow East,8,8,7,5,3,7,7
Bow West,9,7,6,3,7,6,6
Bowes,5,7,6,8,5,6,6
Brent,8,4,4,0,9,7,5
Brentford West,6,3,2,4,9,1,4
Bridge,5,3,4,2,2,6,3
Brimsdown,6,9,8,8,5,9,8
Brixton Acre Lane,9,5,5,3,9,3,6
Brixton North,9,8,8,5,9,7,9
Brixton Rush Common,8,6,5,3,9,4,6
Brixton Windrush,9,9,8,6,9,6,9
Broad Green,8,8,7,8,5,8,8
Brockley,7,5,5,6,9,4,6
Bromley Common & Holwood,2,3,3,5,1,5,3
Bromley North,9,9,9,4,4,8,9
Bromley South,8,9,9,4,3,9,9
Bromley Town,1,1,1,4,1,1,1
Brompton & Hans Town,2,0,0,7,9,1,2
Brondesbury Park,7,5,4,7,3,3,5
Brook Green,5,4,5,3,8,1,4
Brownswood,7,6,6,9,7,3,7
Bruce Castle,9,9,9,8,6,9,9
Brunswick Park,1,3,4,2,1,3,2
Buckhurst Hill East & Whitebridge,5,0,1,0,1,4,0
Bullsmoor,7,9,8,9,4,9,9
Bunhill,2,5,4,6,9,4,5
Burnt Oak,7,7,7,7,4,7,6
Bush Hill Park,1,2,1,4,2,3,1
Caledonian,6,8,8,5,6,7,8
Camberwell Green,8,8,8,6,8,5,8
Camden Square,6,8,9,3,9,6,8
Camden Town,9,8,9,2,7,5,9
Campden,2,0,0,4,9,0,1
Canary Wharf,0,5,3,6,3,4,4
Canbury Gardens,0,0,0,0,3,0,0
Cann Hall,4,7,6,8,8,7,7
Canning Town North,9,8,8,9,4,8,9
Canning Town South,9,9,9,9,6,8,9
Cannon Hill,0,1,1,0,3,2,0
Canonbury,8,7,8,2,6,6,7
Canons,1,2,2,7,0,1,2
Carshalton Central,1,1,1,0,1,1,0
Carshalton South & Clockhouse,0,1,2,0,0,2,0
Carterhatch,6,9,9,9,3,9,9
Catford South,4,5,6,6,7,5,5
Cathall,6,6,6,9,7,7,7
Cazenove,2,7,6,8,6,8,7
Centenary,0,2,1,5,1,3,1
Central Greenford,4,3,3,7,5,4,4
Chadwell Heath,6,7,7,8,2,8,7
Chalkwell,9,1,3,0,8,9,4
Champion Hill,2,4,4,5,6,4,4
Chapel End,6,4,3,7,7,6,5
Charlton Hornfair,7,7,8,4,4,6,7
Charlton Village & Riverside,9,7,8,6,4,6,7
Charville,4,4,4,4,2,7,4
Chaucer,7,6,6,6,9,3,6
Cheam,0,0,0,0,0,1,0
Chelsea Riverside,7,8,9,7,8,3,8
Chelsfield,0,1,2,2,0,2,0
Chessington South & Malden Rushett,1,2,2,1,0,6,1
Chigwell with Lambourne,4,1,3,0,0,6,1
Childs Hill,5,3,4,5,5,2,3
Chingford Green,4,3,4,6,4,5,4
Chislehurst,3,1,1,3,0,1,1
Chiswick Gunnersbury,3,2,2,3,6,1,2
Chiswick Homefields,3,1,1,2,5,1,1
Chiswick Riverside,6,3,3,2,5,1,3
Church Street,6,9,9,2,7,8,9
Churchfields,2,2,2,3,5,2,2
Cippenham Manor,4,2,1,8,0,4,3
Clapham Common & Abbeville,5,2,2,1,9,1,3
Clapham East,9,6,7,3,9,4,8
Clapham Park,4,6,5,4,8,6,6
Clapham Town,8,4,4,2,9,2,5
Claygate,0,0,0,2,0,0,0
Clayhall,3,2,1,2,2,2,1
Clementswood,5,7,6,5,4,8,5
Clerkenwell,6,6,6,3,9,4,6
Clissold,6,6,6,8,5,2,6
Clock House,1,2,3,2,4,2,2
Cockfosters,1,4,3,8,1,3,4
Colham & Cowley,6,4,5,5,2,8,5
Colindale North,5,9,9,9,1,8,9
College Park & Old Oak,6,9,9,7,7,7,9
Colliers Wood,3,3,3,1,8,2,3
Colville,9,7,8,7,9,1,7
Coningham,8,7,8,4,7,3,7
Coombe Hill,0,1,0,5,1,1,1
Coombe Vale,0,1,0,1,4,1,0
Coulsdon Town,1,1,2,2,0,3,1
Courtfield,3,0,0,7,9,0,3
Cranbrook,6,4,3,3,3,2,3
Cranford,4,6,5,8,4,7,6
Cranham,0,0,0,0,0,5,0
Crayford,4,4,6,4,2,9,5
Cricket Green,5,7,7,4,5,8,7
Cricklewood,9,8,8,8,5,6,8
Cricklewood & Mapesbury,7,5,6,8,5,4,6
Crockenhill and Well Hill,9,2,2,4,9,6,4
Crofton Park,2,4,4,3,8,3,4
Crook Log,0,1,2,0,1,5,1
Crouch End,5,2,2,3,8,0,3
Crystal Palace & Anerley,7,8,8,7,3,6,7
Crystal Palace & Upper Norwood,6,5,5,6,4,4,5
Cuddington,2,2,0,1,0,0,0
Custom House,8,9,9,9,3,8,9
Dalgarno,6,9,9,7,7,6,9
Dalston,9,6,6,8,9,1,8
Darwin,1,1,1,9,1,5,2
De Beauvoir,7,9,9,8,7,8,9
Deptford,9,9,9,8,6,7,9
Dollis Hill,9,7,7,9,5,8,8
Dormers Wells,5,7,7,8,4,8,7
Downham,6,9,9,8,7,9,9
Dulwich Hill,4,3,4,2,7,1,4
Dulwich Village,6,0,0,0,8,0,1
Dulwich Wood,7,4,5,5,3,2,4
Ealing Broadway,0,1,1,5,4,0,1
Ealing Common,6,3,4,6,7,2,4
Earl's Court,7,4,6,9,9,0,6
East Acton,6,6,6,7,7,4,6
East Barnet,3,3,3,2,2,3,2
East Finchley,2,4,3,4,3,2,3
East Greenwich,7,3,3,2,9,1,4
East Ham,7,5,4,9,9,7,7
East Ham South,6,8,7,9,7,8,8
East Putney,1,1,0,2,7,1,1
East Sheen,1,0,0,0,6,0,0
East Wickham,0,2,3,1,2,7,2
Eastbrook & Rush Green,3,6,7,8,2,8,7
Eastbury,7,8,7,9,6,9,8
Eastcote,2,1,1,1,0,2,0
Edgware,3,3,2,5,2,4,3
Edgwarebury,2,3,3,5,1,3,2
Edmonton Green,9,9,9,9,7,9,9
Elm Park,2,3,4,0,1,8,3
Eltham Page,9,7,8,6,4,9,8
Eltham Park & Progress,2,2,4,1,4,5,2
Eltham Town & Avery Hill,5,3,4,3,2,5,3
Emerson Park,0,0,1,2,0,5,0
Endlebury,3,4,5,5,2,5,4
Enfield Lock,3,9,8,9,4,9,8
Erith,6,6,7,6,2,9,6
Evelyn,3,7,6,7,5,5,6
Ewell Court,5,1,2,1,0,4,1
Ewell Village,7,1,1,0,0,3,1
Fairfield,9,7,6,8,9,8,9
Fairlop,5,3,3,2,3,6,3
Falconbrook,8,7,6,5,7,5,7
Falconwood & Welling,1,1,1,1,2,6,1
Faraday,9,9,7,6,9,7,8
Farnborough & Crofton,0,0,0,3,0,2,0
Farringdon Without,0,0,0,7,9,0,3
Feltham North,3,5,5,6,3,8,5
Feltham West,4,5,5,7,4,8,6
Figge's Marsh,7,8,8,6,4,8,7
Finchley Church End,1,2,1,4,3,0,1
Finsbury Park,9,9,9,4,6,7,9
Forest,7,5,5,7,8,6,6
Forest Gate North,5,6,5,9,5,6,6
Forest Gate South,9,7,6,9,7,6,8
Forest Hill,4,4,5,5,6,3,4
Fortis Green,2,1,1,3,6,0,2
Fortune Green,4,4,4,0,4,3,3
Friern Barnet,4,4,4,4,2,3,3
Frognal,0,0,0,0,4,1,0
Fulham Reach,4,3,3,3,6,3,4
Fulham Town,4,1,1,1,8,1,2
Fullwell,4,5,5,2,1,5,4
Fulwell & Hampton Hill,0,1,1,0,3,0,0
Furzedown,2,5,5,3,6,4,4
Garden Suburb,2,0,0,3,3,0,0
Gascoigne,7,9,8,9,7,9,9
Gillingham South,4,5,5,0,9,8,5
Gipsy Hill,8,8,9,5,8,6,8
Golborne,9,9,9,8,8,6,9
Golders Green,1,2,3,4,3,2,2
Goodmayes,7,6,5,3,4,6,5
Goose Green,2,3,3,2,8,1,3
Gooshays,8,8,8,5,0,9,8
Goresbrook,8,8,8,9,4,9,9
Gospel Oak,4,6,7,0,2,6,5
Grange Hill,8,1,0,0,1,3,1
Grange Park,1,0,0,5,2,0,1
Graveney,5,2,2,1,6,4,2
Green Lane & St James,1,4,5,5,2,3,3
Green Street East,4,6,5,9,6,7,7
Green Street West,5,6,5,9,5,7,7
Greenford Broadway,5,6,7,8,4,7,6
Greenhill,3,5,5,7,3,2,5
Greenwich Creekside,5,3,2,4,4,2,2
Greenwich Park,7,4,3,3,7,2,4
Greenwich Peninsula,9,4,3,2,9,5,5
Grove,5,3,4,2,6,2,4
Grove Green,2,3,2,7,8,5,4
Grove Park,3,6,7,7,4,7,6
Hackbridge,6,7,9,4,3,8,7
Hackney Central,8,9,8,9,6,4,9
Hackney Downs,9,8,8,9,6,5,8
Hackney Wick,9,9,9,8,6,7,9
Hacton,0,0,1,1,0,7,0
Haggerston,9,9,9,9,7,6,9
Hainault,6,7,8,5,1,9,6
Hale End & Highams Park South,5,5,4,4,5,6,4
"Ham, Petersham & Richmond Riverside",3,2,3,1,2,2,2
Hammersmith Broadway,7,9,9,5,8,6,9
Hampstead Town,1,0,0,0,4,1,0
Hampton,1,1,1,0,2,1,0
Hampton North,4,4,6,3,1,4,4
Hampton Wick & South Teddington,2,1,2,0,2,0,0
Hanger Hill,1,2,1,6,8,2,2
Hanwell Broadway,4,6,7,5,6,3,5
Hanworth Park,4,4,4,7,3,8,5
Hanworth Village,6,7,7,6,3,9,7
Harefield Village,2,3,4,4,0,8,4
Harlesden & Kensal Green,9,8,8,7,8,8,8
Harold Wood,2,2,2,2,0,5,1
Harringay,9,5,5,7,8,5,6
Harrow Road,5,8,9,2,6,4,6
Harrow Weald,3,5,6,6,1,4,4
Harrow on the Hill,1,3,2,5,1,3,2
Haselbury,5,9,8,8,5,9,8
Hatch End,0,1,0,4,0,0,0
Hatch Lane & Highams Park North,4,6,7,5,2,8,6
Havering-atte-Bower,4,5,6,2,0,9,5
Haverstock,9,8,8,1,3,6,6
Hayes & Coney Hall,1,0,0,2,0,2,0
Hayes Town,9,7,7,6,3,8,7
Headstone,1,3,3,4,1,0,2
Heath,7,8,8,9,2,9,9
Heathfield,3,3,5,1,2,5,3
Heathrow Villages,6,4,3,8,5,8,5
Heaton,8,8,9,4,0,9,8
Hendon,3,3,3,6,5,1,3
Hermitage & Gardens,9,5,4,6,7,5,6
Herne Hill & Loughborough Junction,6,5,5,2,9,3,5
Heston Central,7,5,4,7,5,4,5
Heston East,5,5,4,6,4,4,4
Heston West,7,7,6,8,4,7,6
High Barnet,4,2,2,3,1,1,2
High Street,9,6,4,7,9,6,7
Higham Hill,7,8,8,7,7,8,8
Highbury,7,5,5,2,7,3,4
Highfield,3,5,5,7,2,6,4
Highgate,6,3,4,2,6,2,3
Hillingdon East,3,2,3,1,1,5,2
Hillingdon West,5,3,3,4,1,4,3
Hillrise,7,9,9,2,3,6,8
Hillside,0,0,0,1,3,0,0
Hither Green,4,6,7,6,8,5,6
Hoe Street,7,6,7,7,8,5,7
Holborn & Covent Garden,1,6,6,1,9,4,5
Holland,4,3,3,8,7,0,4
Holloway,6,6,6,6,6,5,7
Homerton,9,9,9,9,6,6,9
Hook & Chessington North,1,2,3,1,1,7,2
"Hooley, Merstham & Netherne",3,2,2,9,1,6,4
Hornsey,5,5,6,3,5,2,5
Hounslow Central,9,3,2,8,8,2,5
Hounslow East,8,4,3,6,7,3,5
Hounslow Heath,6,6,5,8,4,3,5
Hounslow South,2,2,3,6,4,3,3
Hounslow West,5,4,3,7,5,4,4
Hoxton East & Shoreditch,7,9,9,8,5,7,9
Hoxton West,9,9,9,8,7,8,9
Hyde Park,8,3,3,2,9,4,4
Hylands & Harrow Lodge,2,1,2,1,0,7,1
Ickenham & South Harefield,0,0,1,3,0,2,0
Ilford Town,9,7,7,7,7,5,7
Island Gardens,1,4,3,2,1,3,2
Isleworth,5,6,6,6,3,5,6
Jubilee,6,8,8,8,6,9,8
Junction,9,8,8,4,7,3,8
Kelsey & Eden Park,2,1,2,2,1,3,1
Kenley,0,1,1,7,0,3,1
Kennington,4,7,7,4,9,5,7
Kentish Town North,6,4,5,0,6,1,3
Kentish Town South,5,6,7,1,7,3,5
Kenton,2,3,3,8,2,3,3
Kenton East,1,4,2,7,2,6,3
Kenton West,1,2,1,5,2,3,2
Kew,3,0,0,0,6,0,0
Kidbrooke Park,8,6,6,6,2,6,6
Kidbrooke Village & Sutcliffe,3,3,3,4,2,2,2
Kilburn,8,8,8,5,6,5,8
King George's & Sunray,0,1,1,2,3,4,1
King's Cross,7,8,8,2,4,4,6
King's Park,7,9,9,8,6,6,9
Kingsbury,4,3,2,7,4,5,3
Kingston Gate,0,1,1,1,2,1,0
Kingston Town,3,2,2,4,5,1,2
Knight's Hill,6,6,7,4,8,4,6
Knightsbridge & Belgravia,0,2,1,2,9,2,2
Lady Margaret,3,5,6,6,3,6,5
Ladywell,4,5,5,5,7,3,5
Lancaster Gate,5,2,2,3,8,2,3
Langley Green & Tushmore,2,4,5,6,0,9,5
Lansbury,9,9,9,5,6,9,9
Larkswood,7,5,5,5,5,8,6
Lavender,5,0,0,1,8,1,2
Lavender Fields,2,6,5,2,3,7,4
Laycock,8,8,8,3,6,7,8
Lea Bridge,7,7,7,8,8,6,8
Lee Green,4,4,4,4,7,4,4
Leyton,6,7,7,8,6,7,7
Leytonstone,5,3,3,7,9,3,5
Lillie,6,9,9,4,7,4,8
Limehouse,6,5,5,6,8,4,5
Little Ilford,4,7,6,9,5,8,8
Little Venice,3,4,4,0,8,3,3
London Bridge & West Bermondsey,8,5,5,7,8,5,7
London Fields,9,7,6,8,8,3,8
Longbridge,5,4,4,8,3,6,5
Longlands,0,1,2,1,2,4,1
Longthornton,5,4,4,1,4,6,3
Lower Edmonton,6,9,9,9,5,9,9
Lower Morden,1,1,1,0,2,5,1
Loxford,6,9,7,6,4,7,7
Maida Vale,5,6,6,0,6,1,4
Manor Park,6,7,6,9,5,8,8
Markhouse,8,8,7,7,5,8,8
Marlborough,2,3,3,5,3,1,2
Marshalls & Rise Park,2,1,1,1,0,7,1
Maryland,7,5,4,9,4,6,6
Marylebone,2,0,0,1,9,0,2
Mawneys,3,3,4,1,1,9,3
Mayesbrook,8,8,8,9,4,9,9
Mayfield,6,5,3,3,2,5,3
Merton Park,1,0,0,0,6,0,0
Middle Park & Horn Park,8,8,9,9,2,9,9
Mildmay,8,8,8,3,6,6,7
Mile End,9,8,6,5,4,8,7
Mill Hill,2,2,2,5,2,1,2
Molesey West,1,0,0,0,0,1,0
Monkhams,2,0,0,0,1,0,0
Moor Park & Eastbury,0,0,0,0,0,0,0
Mortlake & Barnes Common,2,1,2,0,3,1,1
Motspur Park & Old Malden East,0,1,1,4,2,2,1
Mottingham,9,7,8,3,1,9,7
"Mottingham, Coldharbour & New Eltham",5,4,6,2,1,7,4
Munster,3,2,2,1,5,2,2
Muswell Hill,6,1,1,3,7,0,2
Myatt's Fields,7,8,9,5,8,5,8
New Addington North,6,9,9,7,0,9,9
New Addington South,5,8,9,7,0,9,9
New Cross Gate,8,8,7,9,8,5,8
New Malden Village,3,2,2,1,6,1,2
New Southgate,4,5,5,7,5,4,5
Newbury,2,4,3,3,4,3,3
Newington,7,8,7,6,8,5,8
Noel Park,9,8,8,7,8,8,9
Nonsuch,1,0,0,1,0,0,0
Norbiton,2,6,5,4,3,6,5
Norbury & Pollards Hill,7,4,3,6,7,5,4
Norbury Park,6,5,5,5,3,5,4
Nork,0,0,0,0,1,1,0
Norland,7,1,2,5,9,0,3
North Acton,4,5,5,8,5,5,5
North Bermondsey,8,7,7,6,4,6,7
North Cheam,1,0,0,0,1,4,0
North Greenford,2,3,2,6,3,4,3
North Hanwell,3,6,7,6,5,4,5
North Harrow,0,1,1,3,0,0,0
North Richmond,4,2,2,0,6,0,1
North Walworth,8,8,8,7,9,5,8
Northbury,7,8,6,9,6,7,8
Northcote,1,0,0,0,6,0,0
Northfield,2,1,1,1,6,0,1
Northolt Mandeville,6,7,7,8,3,7,7
Northolt West End,8,8,8,9,3,8,8
Northumberland Heath,2,4,6,1,2,9,4
Northumberland Park,9,9,9,8,6,9,9
Northwick Park,2,3,2,7,1,2,2
Northwood,0,2,2,3,0,1,1
Northwood Hills,1,3,3,2,0,2,2
Norwood Green,6,8,9,9,3,7,8
Notting Dale,7,9,9,8,6,7,9
Nunhead & Queen's Road,8,9,9,7,7,6,9
Oakwood,0,2,2,4,1,3,1
Old Coulsdon,1,3,3,5,0,5,2
Old Kent Road,7,9,9,7,5,7,8
Old Malden,0,3,3,1,2,3,1
Orpington,3,3,4,2,1,5,2
Orsett,1,0,0,5,2,9,2
Osterley & Spring Grove,5,2,1,7,5,0,2
Oval,6,4,4,3,9,4,6
Palace & Hurlingham,4,1,1,1,5,1,1
Palmers Green,4,4,3,6,6,2,4
Park Hill & Whitgift,5,0,0,6,1,0,1
Parsloes,6,9,9,9,5,9,9
Parsons Green & Sandford,8,1,1,1,8,0,2
Peckham,7,9,9,8,4,5,9
Peckham Rye,2,5,6,5,5,3,5
Pembridge,8,1,0,7,9,0,3
Penge & Cator,7,5,6,4,5,5,5
Perivale,1,4,3,7,5,5,4
Perry Vale,6,6,6,5,8,4,6
Petts Wood & Knoll,0,0,0,0,0,1,0
Pimlico North,3,5,5,1,8,1,4
Pimlico South,1,8,8,1,7,5,6
Pinkwell,5,5,5,6,3,8,5
Pinner,0,2,2,6,0,1,1
Pinner South,0,0,0,3,0,0,0
Pitshanger,2,6,6,6,4,3,5
Plaistow,6,3,4,3,2,4,3
Plaistow North,5,8,6,9,5,7,8
Plaistow South,7,6,5,9,8,7,7
Plaistow West & Canning Town East,7,8,8,9,5,8,9
Plashet,5,6,4,9,7,6,6
Plumstead & Glyndon,6,8,7,6,4,7,7
Plumstead Common,5,6,7,3,3,6,5
Pollards Hill,4,7,7,4,4,6,6
Ponders End,7,9,8,9,7,9,9
Poplar,8,9,9,4,5,9,9
Portsoken,0,8,9,8,4,8,7
Preston,2,3,2,8,3,3,3
Primrose Hill,4,3,3,0,5,1,2
Purley & Woodcote,2,2,3,6,1,1,2
Purley Oaks & Riddlesdown,1,1,1,4,2,2,1
Queen's Gate,1,0,0,6,9,0,1
Queen's Park,6,9,9,1,7,7,8
Queens Park,5,4,5,6,7,2,4
Queensbury,5,4,3,8,2,4,4
Rainham & Wennington,4,4,5,0,1,9,4
Ravensbury,4,6,7,2,5,7,5
Ravenscourt,8,4,6,4,9,1,5
Rayners Lane,1,2,1,3,1,2,1
Raynes Park,1,1,0,0,5,0,0
Redcliffe,4,1,1,5,9,1,2
Regent's Park,2,4,3,1,7,4,3
Reigate,0,0,0,1,1,0,0
Rickmansworth Town,3,0,0,3,0,0,0
Ridgeway,0,3,5,8,0,3,3
Roehampton,5,7,7,6,2,7,6
Rotherhithe,7,6,6,5,7,5,6
Roundwood,8,9,9,9,7,8,9
Roxbourne,4,7,7,7,1,7,6
Roxeth,3,4,3,5,2,4,3
Royal Hospital,3,0,0,4,9,0,2
Ruislip,1,1,1,1,0,2,0
Ruislip Manor,1,0,0,0,1,3,0
Rush Green & Crowlands,4,5,5,2,3,8,4
Rushey Green,8,8,9,7,9,7,9
Rye Lane,9,6,6,5,7,3,6
Sanderstead,0,0,1,2,0,2,0
Sands End,3,6,4,3,9,2,5
Selhurst,9,9,9,8,7,8,9
Selsdon & Addington Village,2,3,3,5,0,5,3
Selsdon Vale & Forestdale,2,1,2,4,0,4,2
Seven Kings,6,5,4,5,4,5,4
Seven Sisters,9,9,8,7,6,9,9
Shacklewell,6,8,7,8,5,4,8
Shadwell,8,9,8,5,7,7,8
Shaftesbury & Queenstown,4,5,6,2,7,3,4
Shenley,7,3,3,9,9,8,6
Shepherd's Bush Green,8,8,9,7,8,3,9
Shirley North,1,4,4,5,0,7,4
Shirley South,2,5,4,2,0,6,3
Shooters Hill,5,5,6,3,2,4,4
Shortlands & Park Langley,0,0,0,3,1,0,0
Sidcup,1,3,4,4,1,6,3
Slade Green & Northend,5,9,9,8,1,9,8
South Acton,7,8,8,7,7,5,8
South Balham,5,3,3,5,8,1,4
South Beddington & Roundshaw,3,6,7,3,0,8,5
South Bermondsey,7,7,7,6,6,7,7
South Chafford,3,0,0,3,0,2,0
South Croydon,3,2,3,5,4,3,3
South Hampstead,3,5,5,2,3,3,3
South Hornchurch,4,4,4,0,0,8,3
South Norwood,7,7,8,7,7,7,7
South Richmond,2,1,1,0,4,0,0
South Ruislip,1,2,1,1,1,5,1
South Tottenham,9,8,8,7,7,9,9
South Twickenham,0,0,0,0,4,0,0
South Woodford,3,0,0,0,4,1,0
Southall Broadway,8,7,8,9,4,8,8
Southall Green,8,8,6,8,8,9,8
Southall West,4,6,6,9,3,9,7
Southbury,5,6,6,7,7,6,6
Southfield,3,2,2,3,5,1,2
Southfields,1,0,0,0,5,0,0
Southgate,0,2,2,7,1,2,2
Spitalfields & Banglatown,7,8,8,5,8,6,8
Springfield,3,8,8,8,6,9,8
Squirrels Heath,1,1,1,0,1,5,1
St Alban's,5,4,4,0,4,8,4
St Andrew's,1,2,2,0,0,7,1
St Ann's,8,7,6,6,6,7,7
St Dunstan's,8,9,8,5,7,7,8
St Edward's,6,3,3,2,2,7,4
St George's,8,7,8,6,9,5,8
St Giles,6,7,7,6,7,4,7
St Helier,5,6,7,2,9,7,6
St Helier East,5,7,8,3,4,9,7
St Helier West,4,7,7,3,6,9,7
St James,7,5,5,6,7,5,6
St James's,1,5,8,1,9,3,6
St Katharine's & Wapping,2,2,1,2,4,2,2
St Margarets & North Twickenham,2,0,0,0,5,0,0
St Mark's & Seething Wells,0,0,0,2,4,0,0
St Martin's,7,7,7,4,9,5,7
St Mary Cray,7,5,6,3,1,8,5
St Mary's,3,3,2,5,8,0,3
St Mary's & St James,2,1,2,1,0,5,2
St Mary's & St James',8,7,7,2,8,4,6
St Pancras & Somers Town,8,9,9,1,8,8,8
St Paul's Cray,9,8,9,6,1,9,8
St Peter's & Canalside,8,6,7,3,9,6,7
St Peters,9,9,9,2,7,9,9
St. Helen's,8,7,8,7,8,2,7
Stamford,1,0,1,8,0,2,1
Stamford Hill West,1,8,7,8,7,9,8
Stanley,3,2,2,5,9,1,3
Stanmore,1,4,4,8,0,2,3
Stanwell North,7,3,5,1,5,9,5
Stepney Green,8,9,8,4,7,8,8
Stockwell East,9,7,7,4,9,3,7
Stockwell West & Larkhall,5,7,6,5,9,5,7
Stoke Newington,8,5,5,8,8,1,6
Stonebridge,9,9,9,9,4,9,9
Stonecot,1,1,1,0,2,5,1
Stratford,9,6,4,9,9,4,8
Streatham Common & Vale,4,5,5,3,8,4,5
Streatham Hill East,5,6,6,3,8,4,6
Streatham Hill West & Thornton,4,2,1,1,9,0,3
Streatham St Leonard's,7,4,4,4,9,3,5
Streatham Wells,3,4,4,3,9,2,4
Stroud Green,7,4,5,4,6,1,4
Sudbury,4,5,4,9,3,5,5
Surbiton Hill,0,2,2,3,4,2,2
Surrey Docks,5,2,2,6,3,3,3
Sutton Central,4,4,5,2,4,4,4
Sutton North,2,2,2,1,2,4,2
Sutton South,0,2,2,4,2,2,2
Sutton West & East Cheam,1,1,1,1,2,2,1
Sydenham,6,7,7,6,6,5,6
Syon & Brentford Lock,9,6,7,7,3,7,7
Teddington,0,0,0,0,2,0,0
Telegraph Hill,4,6,6,5,8,5,6
Thames View,9,9,9,9,9,9,9
Thamesfield,3,0,0,1,8,0,1
Thamesmead East,5,8,7,8,0,7,6
Thamesmead Moorings,3,7,7,8,0,7,6
The Wrythe,4,4,4,1,3,7,3
Thornton Heath,7,7,7,6,7,7,7
Tokyngton,2,4,4,9,6,7,5
Tollington,9,7,8,3,5,3,7
Tolworth,3,3,2,2,3,4,2
Tooting Bec,7,4,3,3,8,2,4
Tooting Broadway,5,5,4,4,5,4,4
Tottenham Central,9,8,8,7,8,8,8
Tottenham Hale,9,9,8,7,7,9,9
Totteridge & Woodside,0,1,1,5,0,1,1
Town,1,3,3,4,2,4,2
Trinity,3,2,2,2,5,1,2
Tudor,0,0,0,0,1,0,0
Tufnell Park,8,7,8,4,6,3,7
Twickenham Riverside,2,0,0,0,6,0,0
Underhill,3,5,6,5,1,5,4
Upminster,1,0,0,0,0,3,0
Upper Edmonton,9,9,8,9,6,9,9
Upper Walthamstow,6,6,6,7,6,6,6
Uxbridge,3,3,3,3,1,4,3
Valence,7,8,9,9,6,9,9
Valentines,5,5,4,6,3,3,4
Valley,6,6,6,6,4,8,6
Vauxhall,6,5,5,5,9,1,6
Victoria,8,8,9,8,5,5,9
Village,2,4,3,6,2,5,4
Vincent Square,0,6,8,1,8,2,5
Waddon,5,7,7,8,5,8,7
Walbrook,0,0,0,9,9,0,2
Walham Green,7,6,6,3,7,3,5
Wall End,4,6,5,9,6,7,7
Wallington North,1,2,4,0,3,3,2
Wallington South,1,3,4,1,4,3,2
Walpole,4,2,2,3,8,0,2
Waltham Abbey South & Rural,9,4,5,9,9,9,7
Waltham Cross,9,4,4,4,1,8,4
Walton South,0,0,0,0,0,0,0
Wandle,3,4,3,1,5,1,3
Wandsworth Common,3,1,1,3,6,2,2
Wandsworth Town,2,2,1,1,5,1,1
Wanstead Park,8,2,2,3,4,1,3
Wanstead Village,3,1,1,1,4,1,1
Warlingham West,2,0,0,0,0,4,0
Waterloo & South Bank,4,3,3,4,9,4,5
Wealdstone North,3,6,6,7,1,6,5
Wealdstone South,3,5,4,8,2,4,4
Weavers,9,9,8,4,8,6,9
Welsh Harp,5,5,5,9,4,7,6
Wembley Central,4,4,3,9,3,8,5
Wembley Hill,6,4,5,9,4,5,5
Wendell Park,1,3,3,2,5,0,2
West Barnes,0,1,1,1,3,0,0
West Drayton,9,6,6,3,2,9,6
West Dulwich,7,4,5,3,8,2,4
West End,2,1,2,2,9,2,3
West Finchley,2,2,2,3,3,0,1
West Green,9,9,9,7,6,8,9
West Ham,6,7,6,9,4,6,7
West Hampstead,3,3,4,1,6,2,3
West Harrow,3,5,4,6,2,1,3
West Heath,0,1,2,1,1,6,1
West Hendon,5,4,4,8,5,5,4
West Hill,1,5,4,4,2,3,3
West Kensington,4,6,6,5,7,3,6
West Putney,1,3,4,4,4,2,3
West Thamesmead,5,5,5,8,0,4,5
West Thornton,8,7,7,7,7,6,7
West Twickenham,3,1,2,0,4,1,1
West Wickham,0,0,0,2,0,1,0
Westbourne,7,9,9,2,7,6,9
Whalebone,6,6,5,9,5,7,6
Wheatley Hills & Intake,9,8,8,0,0,9,9
Whetstone,2,2,2,2,1,1,1
White City,3,9,9,5,3,7,8
White Hart Lane,9,9,9,8,8,9,9
Whitechapel,7,8,6,5,8,6,7
Whitewebbs,2,5,5,7,4,6,5
Whitton,2,1,1,0,3,2,1
Willesden Green,6,6,5,8,5,5,6
William Morris,5,7,6,7,6,7,6
Wimbledon Park,0,0,0,0,5,0,0
Wimbledon Town & Dundonald,0,0,0,0,5,0,0
Winchmore Hill,1,2,1,5,2,1,1
Wood End,8,7,7,5,2,9,7
Wood Street,5,7,7,7,8,6,7
Woodberry Down,8,9,9,9,7,8,9
Woodhouse,4,4,4,3,3,2,3
Woodside,7,6,7,7,6,7,7
Woolwich Arsenal,8,9,8,8,2,9,8
Woolwich Common,6,9,8,8,2,8,8
Woolwich Dockyard,3,8,9,6,1,7,7
Worcester Park North,1,1,1,1,1,4,1
Worcester Park South,0,0,0,0,0,2,0
Wormholt,8,8,9,4,8,4,8
Yeading,8,7,7,7,1,8,7
Yiewsley,8,7,7,7,2,9,8
