Ward name,crime,income,employment,housing,environment,education,IMD
Abbey,-0.1155,0.09433,0.05983,22.8155,33.08733,7.581,14.88883
Abbey Road,-0.25257,0.08814,0.05314,20.92671,38.31557,6.92771,12.83971
Abbey Wood,0.67733,0.20089,0.13189,31.62644,24.49911,20.70433,30.39111
Abingdon,0.06,0.0404,0.0276,34.9728,44.868,1.1272,12.3716
Addiscombe East,0.22843,0.10143,0.07757,26.13757,26.12957,10.58586,16.76457
Addiscombe West,0.09422,0.13156,0.08178,31.88511,34.15967,12.09311,21.49644
Addison,0.705,0.1495,0.103,28.4135,38.26125,7.03825,24.207
Aldborough,0.22475,0.10975,0.07075,28.54588,25.28212,10.16013,16.24813
Aldersgate,-2.012,0.007,0.01,29.472,31.873,0.024,6.208
Alexandra,-0.24867,0.04,0.04167,17.33233,17.73567,2.65233,5.787
Alexandra Park,0.238,0.07033,0.04967,26.12583,30.60117,1.35883,12.058
Alibon,0.397,0.1778,0.1092,41.6866,25.3976,24.5744,29.0644
Alperton,0.02271,0.12157,0.06586,47.61829,30.96214,22.37571,22.52514
Arnos Grove,0.04,0.06617,0.04483,29.9095,25.9485,2.52233,10.89567
Arsenal,0.76333,0.18583,0.11867,27.3935,40.88,9.81033,28.1485
Ashford East,-0.524,0.044,0.039,23.904,26.622,18.86,10.052
Ashford North and Stanwell South,0.687,0.11,0.083,34.628,24.472,39.469,23.549
Aveley and Uplands,0.429,0.079,0.061,21.122,11.485,31.88,15.705
Avonmore,0.1508,0.1138,0.0782,30.5466,37.0864,6.615,18.9488
Balham,0.3019,0.0744,0.0445,22.2028,29.5749,3.1594,11.8593
Barking Riverside,0.82067,0.20633,0.12133,58.79267,20.97067,21.914,34.20633
Barkingside,0.15075,0.08788,0.05262,23.95262,21.10812,5.945,11.55075
Barnehurst,-0.36867,0.09233,0.071,25.19167,18.68533,20.22967,14.326
Barnes,-0.13729,0.06757,0.047,15.95614,28.94286,4.273,9.61486
Barnet Vale,-0.0654,0.0888,0.0635,28.8618,20.688,4.3676,12.3103
Barnhill,0.31775,0.14,0.09075,42.739,24.81125,9.864,22.14575
Barnsbury,0.27557,0.13657,0.08629,25.74271,36.69214,9.83414,21.45986
Battersea Park,0.25629,0.14057,0.08086,29.17629,36.49671,7.40586,20.736
Bayswater,0.70267,0.07583,0.051,23.30267,42.817,4.6015,15.07567
Beam,0.5224,0.1774,0.1076,46.2876,33.7532,26.2026,31.129
Beam Park,0.752,0.19033,0.14133,27.00333,24.99167,33.81867,30.015
Beckenham Town & Copers Cope,0.11175,0.071,0.04838,29.83012,18.35525,5.86325,11.0815
Beckton,0.432,0.18467,0.11522,54.45411,19.14178,19.56544,31.14144
Becontree,0.6506,0.2052,0.1352,43.6782,31.2338,26.3622,35.4158
Beddington,-0.10271,0.07486,0.05886,24.67743,19.48843,10.95771,11.94243
Bedfont,0.14786,0.148,0.09214,35.435,25.13586,27.30871,24.26186
Bellingham,0.72933,0.25383,0.177,40.45833,29.83267,32.6865,41.25567
Belmont,-0.62875,0.07458,0.05825,28.08333,18.16292,6.361,10.97108
Belmore,0.45211,0.13656,0.07956,34.63344,23.50156,18.26711,21.60767
Belsize,0.00611,0.05611,0.03611,19.15144,30.33189,4.90022,8.69978
Belvedere,0.23933,0.14844,0.09167,30.392,25.43589,23.13322,22.10578
Bensham Manor,0.53309,0.15582,0.09891,34.51527,33.34436,15.00955,25.24673
Berrylands,-0.95067,0.044,0.037,24.55167,22.17867,1.01733,6.58367
Bethnal Green East,0.69009,0.20636,0.11491,29.37118,36.15264,17.60427,29.83673
Bethnal Green West,1.07233,0.20978,0.11689,30.272,39.88689,16.22344,33.38244
Bexleyheath,0.02278,0.07611,0.05978,21.812,22.70589,12.88367,12.575
Bickley & Sundridge,-0.34809,0.06555,0.05355,28.45227,17.29345,3.50482,10.10364
Biggin Hill,-0.38786,0.06457,0.05071,23.51714,7.57643,14.814,9.16371
Blackfen & Lamorbey,-0.5168,0.054,0.0479,19.1058,17.3698,15.6935,8.8854
Blackheath,0.30811,0.12267,0.078,29.76589,34.31356,9.422,19.67511
Blackheath Westcombe,0.36278,0.09967,0.07233,28.94622,25.223,4.49644,16.02156
Blackwall & Cubitt Town,-0.433,0.186,0.119,26.9455,15.865,23.6805,24.8395
Blendon & Penhill,-0.4565,0.0567,0.0461,21.3736,19.0317,15.5286,9.5052
Bloomsbury,0.24925,0.071,0.04775,26.26875,58.76575,6.57875,16.13875
Boleyn,0.28083,0.17433,0.09317,46.55933,33.00133,20.52533,28.38783
Borough & Bankside,-0.3835,0.14725,0.093,33.695,40.8095,7.81025,23.19425
Bounds Green,0.47725,0.1435,0.091,33.4475,37.8025,8.581,22.78775
Bow East,0.73967,0.19967,0.11033,31.71317,26.169,17.37433,29.1835
Bow West,1.01771,0.17014,0.097,26.295,34.83286,14.06643,26.28971
Bowes,0.34617,0.17283,0.09683,40.61433,30.23267,15.2295,25.13717
Brent,0.687,0.118,0.077,17.633,41.963,19.111,21.666
Brentford West,0.432,0.09433,0.05633,29.85333,49.32967,4.01467,18.437
Bridge,0.30214,0.098,0.07329,25.07257,21.29371,13.89786,15.54757
Brimsdown,0.46233,0.21989,0.128,41.45467,29.60222,32.24078,32.82633
Brixton Acre Lane,0.85129,0.13957,0.09057,26.963,48.11771,9.39114,26.716
Brixton North,1.00522,0.20622,0.12278,31.10756,49.60733,18.52022,34.77744
Brixton Rush Common,0.70862,0.16075,0.08975,28.01062,45.008,11.26088,25.91212
Brixton Windrush,1.10967,0.2145,0.13133,33.01133,46.07083,14.44983,35.21133
Broad Green,0.76511,0.19133,0.11133,41.82967,30.016,23.91356,31.46522
Brockley,0.53708,0.13367,0.08492,35.33508,44.4605,10.27433,24.71242
Bromley Common & Holwood,0.01022,0.09833,0.07067,30.82778,18.54722,12.38478,15.51022
Bromley North,0.8185,0.25617,0.14483,30.00383,29.10217,22.395,34.9425
Bromley South,0.7425,0.2455,0.148,29.7235,24.219,29.5785,34.3185
Bromley Town,-0.33614,0.07329,0.05043,28.75871,18.74757,3.84786,10.42571
Brompton & Hans Town,-0.04571,0.05243,0.03229,37.30014,45.752,4.59957,15.06571
Brondesbury Park,0.56463,0.13662,0.08012,37.65812,26.415,7.44662,21.35325
Brook Green,0.3612,0.1234,0.0886,26.3226,38.373,5.1572,20.0518
Brownswood,0.59617,0.15417,0.09283,43.94983,35.649,8.1435,28.09633
Bruce Castle,0.98214,0.251,0.154,40.04386,33.02729,31.62914,38.89529
Brunswick Park,-0.1769,0.099,0.0732,25.5918,17.9411,7.8052,13.1954
Buckhurst Hill East & Whitebridge,0.342,0.053,0.051,13.568,17.085,11.729,8.766
Bullsmoor,0.55233,0.21617,0.13117,44.06533,27.27067,32.62833,33.861
Bunhill,-0.06967,0.146,0.08133,33.16383,41.86583,10.75483,22.39233
Burnt Oak,0.52091,0.17636,0.10791,37.957,27.31727,19.36818,26.61227
Bush Hill Park,-0.31071,0.07671,0.05186,28.38686,21.38471,7.49543,11.27471
Caledonian,0.41933,0.21117,0.12833,30.9605,32.81817,18.92967,31.373
Camberwell Green,0.77875,0.19588,0.12562,35.16063,39.795,12.92775,31.4195
Camden Square,0.49133,0.21033,0.13467,26.523,41.72133,15.096,29.945
Camden Town,1.60633,0.20933,0.14433,24.92867,34.16133,13.04167,34.478
Campden,-0.06117,0.03683,0.0295,29.66333,45.46717,0.75067,11.01267
Canary Wharf,-0.70662,0.13262,0.07137,32.88762,25.5055,10.81962,18.64712
Canbury Gardens,-0.57633,0.05133,0.04133,19.39567,24.161,0.90267,6.54733
Cann Hall,0.27189,0.18078,0.10167,40.40244,36.29967,18.327,28.57811
Canning Town North,0.7984,0.2044,0.1274,48.0244,29.0404,20.243,34.4014
Canning Town South,1.1135,0.2665,0.1425,49.946,31.591,21.3705,41.609
Cannon Hill,-0.41983,0.06817,0.04567,19.6095,25.04333,6.1485,9.24183
Canonbury,0.72257,0.18971,0.11986,26.08986,33.28371,15.77586,28.29971
Canons,-0.32533,0.08833,0.06067,36.32833,13.13567,4.40433,12.48367
Carshalton Central,-0.18286,0.06914,0.05243,15.75386,20.54714,5.328,8.99843
Carshalton South & Clockhouse,-0.49333,0.06583,0.05483,19.33533,15.153,6.84333,8.77333
Carterhatch,0.48386,0.24829,0.14943,43.12271,26.02514,33.67129,36.29929
Catford South,0.27856,0.144,0.09567,33.15456,35.92144,13.72022,23.42589
Cathall,0.4535,0.1675,0.0995,43.92617,34.416,17.343,28.27233
Cazenove,-0.03,0.18143,0.09386,41.962,31.42057,21.423,27.49543
Centenary,-0.39629,0.07957,0.04329,31.78157,17.83529,7.54786,10.74371
Central Greenford,0.19412,0.11138,0.07137,38.00412,30.06738,11.28288,19.30125
Chadwell Heath,0.47143,0.17671,0.11386,41.80529,23.742,24.39414,29.81629
Chalkwell,0.996,0.072,0.067,18.005,38.067,28.234,19.698
Champion Hill,-0.112,0.126,0.074,31.93667,31.643,9.73817,18.8545
Chapel End,0.39817,0.1245,0.0665,37.2435,33.61433,15.219,20.93933
Charlton Hornfair,0.55717,0.171,0.125,30.10117,27.08283,16.38033,26.88
Charlton Village & Riverside,0.7895,0.18175,0.1265,33.27175,26.62575,14.37725,28.43825
Charville,0.19986,0.11471,0.07714,28.85429,22.089,18.68014,18.10371
Chaucer,0.52737,0.162,0.09288,35.37212,41.28525,9.05438,26.66175
Cheam,-0.68533,0.0465,0.03483,20.30233,13.94017,4.12733,6.00283
Chelsea Riverside,0.58033,0.21383,0.14667,37.6465,38.81383,8.21017,32.02983
Chelsfield,-0.753,0.06186,0.05271,24.53414,12.71829,6.88743,8.72243
Chessington South & Malden Rushett,-0.16083,0.0865,0.058,23.02367,15.87833,14.845,11.7805
Chigwell with Lambourne,0.235,0.069,0.065,15.514,11.481,15.203,10.511
Childs Hill,0.36655,0.10827,0.07427,30.93955,29.84709,5.71882,16.90982
Chingford Green,0.227,0.11117,0.07567,33.47917,26.88267,13.68633,18.93617
Chislehurst,0.1233,0.0576,0.0451,27.5675,15.715,5.3328,10.0592
Chiswick Gunnersbury,0.06043,0.08514,0.05686,27.32071,32.90886,3.78514,13.54286
Chiswick Homefields,0.10378,0.07189,0.04967,25.59811,30.42911,3.46178,12.09833
Chiswick Riverside,0.4984,0.0996,0.0716,25.2804,30.8818,3.2728,16.4394
Church Street,0.501,0.30286,0.20686,26.038,36.11386,21.755,40.77171
Churchfields,-0.024,0.0895,0.0579,27.4598,29.3004,6.3904,13.7229
Cippenham Manor,0.266,0.093,0.05,39.189,15.576,9.549,16.045
Clapham Common & Abbeville,0.35243,0.092,0.05343,23.05471,44.727,4.86357,17.37814
Clapham East,1.10683,0.1645,0.10517,28.02633,47.21067,10.76933,30.3955
Clapham Park,0.23717,0.16417,0.092,29.7865,40.43583,14.13033,25.25233
Clapham Town,0.73944,0.118,0.079,24.97178,42.05922,7.124,22.07356
Claygate,-1.064,0.011,0.014,24.55,9.263,0.512,3.076
Clayhall,0.16863,0.0795,0.0445,23.8875,21.7445,5.671,10.619
Clementswood,0.354,0.182,0.097,30.78,27.34,22.248,23.485
Clerkenwell,0.40471,0.16243,0.10457,27.96357,42.53443,10.30471,25.857
Clissold,0.45875,0.16512,0.10088,38.87762,30.51675,6.80812,26.67925
Clock House,-0.16809,0.08173,0.06355,23.91064,27.71982,6.837,12.532
Cockfosters,-0.224,0.114,0.06783,41.68067,18.46467,9.19,17.631
Colham & Cowley,0.4031,0.1281,0.0867,31.4356,20.7973,22.6651,21.8806
Colindale North,0.3338,0.2634,0.1602,45.8368,20.2038,23.1064,35.8512
College Park & Old Oak,0.478,0.2165,0.1465,38.2355,35.72525,19.5645,34.7425
Colliers Wood,0.1332,0.1016,0.065,23.149,36.6856,7.3074,16.2196
Colville,0.90933,0.17533,0.12567,38.082,42.2665,5.28183,29.04417
Coningham,0.7105,0.18688,0.13162,30.06338,35.06012,8.39688,29.01338
Coombe Hill,-0.5854,0.063,0.0332,32.5714,20.4676,3.3108,9.4386
Coombe Vale,-0.75917,0.06,0.03817,21.0995,26.53783,3.56133,7.70133
Coulsdon Town,-0.22986,0.06786,0.05529,26.08757,15.78671,8.05886,10.945
Courtfield,0.058,0.049,0.04033,36.09767,55.596,2.42433,16.44867
Cranbrook,0.42662,0.12375,0.0655,26.708,26.33125,6.98438,16.18988
Cranford,0.19014,0.14914,0.09171,42.458,27.14357,18.189,24.67357
Cranham,-0.42512,0.05038,0.04275,17.46462,11.01438,12.054,7.18587
Crayford,0.1875,0.11963,0.09588,29.05512,22.38675,26.57662,21.3495
Cricket Green,0.31586,0.18486,0.112,28.54386,29.10429,21.795,26.74371
Cricklewood,0.8285,0.20133,0.13183,39.9905,31.122,16.45817,31.42833
Cricklewood & Mapesbury,0.639,0.13875,0.09512,39.25338,29.74188,9.7975,24.01388
Crockenhill and Well Hill,1.155,0.089,0.054,29.887,40.874,15.549,19.718
Crofton Park,-0.06033,0.11511,0.082,26.42089,37.24411,8.34489,18.42778
Crook Log,-0.421,0.06773,0.05609,18.91436,18.071,13.18455,9.88073
Crouch End,0.37843,0.08514,0.05871,27.09157,36.31743,1.54529,15.19157
Crystal Palace & Anerley,0.5542,0.19,0.1262,36.353,24.2824,16.2892,28.4276
Crystal Palace & Upper Norwood,0.39778,0.13167,0.08689,33.77333,27.58578,11.04633,21.12278
Cuddington,-0.065,0.079,0.039,22.787,10.678,2.95,7.767
Custom House,0.722,0.22056,0.13578,51.29867,24.137,23.33711,37.66022
Dalgarno,0.435,0.281,0.1924,37.5922,35.6508,15.846,40.424
Dalston,0.808,0.155,0.105,40.48,50.4,3.557,31.098
Darwin,-0.16733,0.059,0.04667,47.59167,18.13933,12.90167,14.74667
De Beauvoir,0.615,0.239,0.146,42.08,33.959,23.488,35.92
Deptford,0.8875,0.248,0.1435,41.08562,32.8965,17.39313,36.816
Dollis Hill,0.8783,0.1862,0.1148,43.7208,29.2816,20.2508,30.5181
Dormers Wells,0.35375,0.18325,0.11262,41.36888,27.87738,21.015,29.08075
Downham,0.43575,0.21992,0.14225,40.02592,34.04492,26.84117,34.79717
Dulwich Hill,0.20733,0.108,0.07717,26.16467,35.80467,5.04467,18.183
Dulwich Village,0.40583,0.048,0.03367,16.71217,37.2595,0.7765,9.76967
Dulwich Wood,0.5334,0.1276,0.0882,31.5646,25.962,5.6552,20.5774
Ealing Broadway,-0.53075,0.06325,0.0495,30.937,27.9915,1.24025,11.04925
Ealing Common,0.49467,0.112,0.08133,35.33156,35.10333,5.87022,20.47611
Earl's Court,0.50329,0.12786,0.09257,45.83557,46.361,1.92129,25.54729
East Acton,0.46671,0.153,0.09943,38.16757,35.807,10.52657,25.23843
East Barnet,0.1096,0.1119,0.0729,25.6034,23.3237,7.9403,15.0072
East Finchley,-0.0832,0.1174,0.0703,29.4458,25.3571,6.4946,15.4461
East Greenwich,0.524,0.101,0.0695,26.2355,44.5175,4.2895,19.2345
East Ham,0.62038,0.14612,0.07688,50.0,42.09388,16.90388,28.40788
East Ham South,0.44312,0.18988,0.10738,49.36862,34.066,22.1165,31.93212
East Putney,-0.1768,0.0712,0.0389,25.8499,34.0528,3.6451,11.5891
East Sheen,-0.253,0.03667,0.0295,13.07583,32.00417,0.71317,6.22783
East Wickham,-0.4209,0.0847,0.0698,21.214,21.9328,19.4832,13.6065
Eastbrook & Rush Green,0.1386,0.1646,0.1074,40.2416,20.6716,24.9276,26.759
Eastbury,0.6116,0.1957,0.1159,46.206,32.0085,29.2968,33.598
Eastcote,-0.0846,0.0663,0.0516,21.4073,14.2657,6.0884,9.1951
Edgware,0.07611,0.10022,0.06094,32.40189,23.225,10.88028,15.13194
Edgwarebury,-0.01238,0.09488,0.06412,31.81612,19.05412,8.32912,14.1065
Edmonton Green,0.822,0.2743,0.1599,47.3846,33.6082,34.8402,41.8791
Elm Park,0.01045,0.10073,0.07673,19.17364,18.03427,22.42373,15.29455
Eltham Page,0.7935,0.18775,0.13425,35.20425,28.57925,29.5045,32.2345
Eltham Park & Progress,-0.048,0.09057,0.07314,21.04571,27.53814,11.88971,14.579
Eltham Town & Avery Hill,0.35389,0.10656,0.07789,27.12878,20.93633,13.50189,17.47533
Emerson Park,-0.59767,0.05283,0.04767,25.411,9.13933,13.01867,8.24767
Endlebury,0.0874,0.115,0.0844,31.978,20.8908,13.5442,18.1392
Enfield Lock,0.15389,0.23033,0.126,45.41067,27.01856,27.88867,32.23233
Erith,0.46025,0.16725,0.1115,34.70975,21.32812,25.16988,26.27625
Evelyn,0.1256,0.189,0.1022,37.5472,29.1114,12.223,26.1408
Ewell Court,0.32,0.058,0.056,23.133,13.729,11.17,10.173
Ewell Village,0.535,0.074,0.052,12.003,14.461,9.303,10.603
Fairfield,1.99,0.187,0.095,39.929,47.057,22.407,36.634
Fairlop,0.31271,0.10057,0.06857,25.73886,24.17486,16.32229,16.12057
Falconbrook,0.6452,0.1768,0.1022,31.6888,35.0746,12.5424,26.8328
Falconwood & Welling,-0.2329,0.0648,0.0494,20.8063,22.7218,16.1833,10.8265
Faraday,0.8682,0.2206,0.1166,34.1648,41.596,16.525,33.0796
Farnborough & Crofton,-0.80127,0.04655,0.04182,26.67636,11.37418,7.00682,7.64682
Farringdon Without,-1.701,0.024,0.035,37.427,68.585,2.259,15.841
Feltham North,0.14217,0.13583,0.08783,33.1555,26.44883,23.90117,22.92383
Feltham West,0.25422,0.14267,0.08489,36.43656,27.18689,25.16756,24.124
Figge's Marsh,0.623,0.201,0.1214,32.8858,27.2188,20.5238,28.804
Finchley Church End,-0.2845,0.0766,0.0506,28.4091,25.0106,2.7298,10.6465
Finsbury Park,0.85929,0.23614,0.15286,29.12429,31.41,17.07043,35.09129
Forest,0.57243,0.13514,0.08329,36.849,38.72057,16.27629,24.66543
Forest Gate North,0.34583,0.14967,0.08833,47.66383,29.64117,14.58117,26.417
Forest Gate South,0.82144,0.17733,0.10278,48.31311,35.58933,14.21844,31.82611
Forest Hill,0.25133,0.12811,0.08289,32.689,32.99389,7.62267,20.39044
Fortis Green,0.03257,0.07314,0.04971,27.41329,32.07043,2.01771,12.30757
Fortune Green,0.21,0.11943,0.081,19.73643,27.23429,8.20714,16.42957
Friern Barnet,0.28918,0.11809,0.07636,29.559,23.79855,7.78727,16.75664
Frognal,-0.456,0.0384,0.0276,20.106,26.6018,3.9474,5.9858
Fulham Reach,0.27133,0.10256,0.06922,27.99844,32.72078,7.91556,17.74689
Fulham Town,0.2366,0.0672,0.0464,22.3372,39.7004,4.3922,13.0842
Fullwell,0.21967,0.13611,0.08822,25.99967,20.264,12.84944,18.20222
Fulwell & Hampton Hill,-0.382,0.058,0.04717,15.8655,24.551,1.003,7.23033
Furzedown,0.0395,0.1368,0.0827,28.1249,32.4594,9.9536,19.0972
Garden Suburb,-0.00843,0.03857,0.02643,26.39357,25.56386,1.32814,7.554
Gascoigne,0.55975,0.228,0.1235,52.81175,33.91625,25.967,36.604
Gillingham South,0.249,0.134,0.09,17.685,42.982,23.701,22.538
Gipsy Hill,0.751,0.214,0.1385,30.84425,36.40238,14.48475,33.05262
Golborne,1.18833,0.31933,0.22717,40.787,36.47667,15.63467,47.72033
Golders Green,-0.17011,0.08878,0.07,28.57656,26.10378,6.67522,13.61778
Goodmayes,0.63757,0.15271,0.08357,28.16886,28.29157,13.91043,21.08743
Goose Green,0.01714,0.10171,0.07,23.82786,37.23786,3.66629,16.37771
Gooshays,0.73267,0.19433,0.13444,31.17433,15.13022,41.55389,31.47767
Goresbrook,0.73786,0.204,0.12786,45.91471,28.11614,28.433,35.4
Gospel Oak,0.185,0.163,0.11588,19.9995,23.74525,15.21938,21.802
Grange Hill,0.65,0.0715,0.04,20.064,17.808,9.4125,10.456
Grange Park,-0.2096,0.0552,0.041,31.3284,22.4936,3.1118,9.8352
Graveney,0.30686,0.093,0.05814,21.10143,31.75143,10.25357,14.38829
Green Lane & St James,-0.25033,0.11933,0.088,32.18033,21.22533,8.25,17.30167
Green Street East,0.25212,0.16438,0.08512,50.12875,31.32488,19.11037,27.51275
Green Street West,0.317,0.16514,0.086,49.69171,29.863,17.80529,27.89443
Greenford Broadway,0.292,0.16833,0.11133,38.954,27.85433,17.35244,26.18111
Greenhill,0.07975,0.147,0.0895,37.5505,26.1225,6.38025,21.11525
Greenwich Creekside,0.31433,0.102,0.05533,28.35033,27.717,6.74967,15.042
Greenwich Park,0.54625,0.12475,0.07275,27.0245,35.46975,6.97125,19.66425
Greenwich Peninsula,0.977,0.113,0.067,25.97,50.302,13.311,22.299
Grove,0.3854,0.1114,0.0804,25.6088,33.0738,6.2924,18.3054
Grove Green,-0.01788,0.09762,0.05687,35.59987,40.51138,12.18762,18.546
Grove Park,0.12067,0.16078,0.11356,36.17933,27.44511,16.78278,25.47811
Hackbridge,0.4945,0.184,0.137,30.0595,25.1065,22.804,28.4825
Hackney Central,0.67386,0.21657,0.12357,44.21886,33.16857,10.06314,33.61329
Hackney Downs,0.79575,0.2005,0.119,43.00338,32.51925,12.80925,32.56812
Hackney Wick,1.03057,0.25729,0.17057,42.19114,32.95186,18.61643,42.55414
Hacton,-0.6148,0.056,0.05,20.9234,11.0058,16.7,8.98
Haggerston,0.93643,0.25286,0.15329,44.34229,35.04957,16.49771,39.65614
Hainault,0.42188,0.17312,0.124,30.9585,19.791,26.411,26.115
Hale End & Highams Park South,0.33333,0.13133,0.082,28.96433,30.16517,13.90283,19.8835
"Ham, Petersham & Richmond Riverside",0.12133,0.08867,0.06967,20.52867,21.2035,6.86333,12.59483
Hammersmith Broadway,0.50375,0.2345,0.1605,32.15825,38.90375,15.48525,35.9575
Hampstead Town,-0.155,0.0382,0.0268,14.6578,28.2416,4.6488,6.3974
Hampton,-0.1455,0.0595,0.05,14.86733,21.14517,3.86917,8.244
Hampton North,0.19383,0.114,0.09633,26.846,18.07583,11.00533,17.6575
Hampton Wick & South Teddington,0.01683,0.06267,0.05533,17.86433,23.78617,2.17967,8.84233
Hanger Hill,-0.17483,0.0865,0.04883,34.34633,37.30267,6.558,15.0265
Hanwell Broadway,0.18862,0.14975,0.10675,31.69625,32.68262,8.39275,23.01112
Hanworth Park,0.21467,0.12517,0.079,35.70583,24.69017,20.29033,21.4575
Hanworth Village,0.4395,0.17725,0.10812,33.39075,25.30912,26.71788,27.216
Harefield Village,-0.03125,0.11175,0.079,29.2905,9.914,20.373,18.36975
Harlesden & Kensal Green,0.8495,0.1907,0.1303,37.7783,37.3868,22.6949,32.0241
Harold Wood,0.03383,0.08233,0.06083,24.012,13.99733,12.97483,12.02717
Harringay,0.83,0.143,0.08586,37.05314,36.204,12.32171,25.35271
Harrow Road,0.30767,0.20533,0.1345,23.8155,32.66983,10.8195,26.34733
Harrow Weald,0.17556,0.14467,0.09444,34.595,18.97511,11.863,20.21778
Harrow on the Hill,-0.1818,0.0984,0.062,32.7322,19.4374,8.221,14.2712
Haselbury,0.3088,0.2212,0.1249,41.6749,29.3954,31.5038,31.7665
Hatch End,-0.65867,0.05767,0.03533,28.67983,14.01833,1.96867,7.4255
Hatch Lane & Highams Park North,0.25357,0.14814,0.11343,30.35471,23.86386,20.23429,23.86229
Havering-atte-Bower,0.20278,0.13478,0.09822,24.74222,13.35944,34.44667,21.47889
Haverstock,0.79057,0.19943,0.12329,21.34943,26.001,15.52929,26.377
Hayes & Coney Hall,-0.3013,0.037,0.038,25.8529,14.769,6.3614,7.1075
Hayes Town,0.91,0.1825,0.108,34.08025,24.61525,23.164,28.545
Headstone,-0.32686,0.10114,0.065,30.053,17.10957,2.84129,12.20657
Heath,0.506,0.214,0.13325,48.32475,23.756,30.121,36.09725
Heathfield,0.13933,0.10917,0.08317,23.06017,24.008,12.31967,15.9095
Heathrow Villages,0.45114,0.11343,0.06671,40.30186,30.76043,22.01914,22.65671
Heaton,0.762,0.2139,0.1426,28.4251,14.2792,39.1764,32.6194
Hendon,0.09882,0.09564,0.06509,34.23182,30.08709,4.73991,15.50282
Hermitage & Gardens,0.80475,0.13925,0.07375,35.529,35.34375,13.83975,23.68975
Herne Hill & Loughborough Junction,0.45862,0.14062,0.09112,25.81825,40.87338,8.16013,22.36612
Heston Central,0.53086,0.12943,0.08129,37.29486,29.86657,10.68629,21.94514
Heston East,0.30617,0.1285,0.07967,34.8035,27.8315,10.4815,20.2305
Heston West,0.5835,0.17462,0.10312,38.98575,26.652,17.60075,26.67112
High Barnet,0.26614,0.07886,0.06114,28.31914,19.15071,4.84257,12.46229
High Street,0.78275,0.1575,0.0825,37.88625,41.043,15.44025,26.82575
Higham Hill,0.55986,0.21143,0.12886,36.85529,35.87986,24.95771,32.70871
Highbury,0.5605,0.133,0.08775,24.12588,33.751,7.67725,20.19588
Highfield,0.05729,0.141,0.08314,37.88171,23.45843,13.932,20.50957
Highgate,0.421,0.0998,0.077,24.7246,31.65327,5.94533,16.47253
Hillingdon East,0.0862,0.0892,0.0689,22.5672,19.4636,13.1635,14.094
Hillingdon West,0.3155,0.0945,0.0705,29.6715,18.595,11.7145,15.876
Hillrise,0.6352,0.2249,0.1542,26.2512,26.3965,14.4217,31.7207
Hillside,-0.7305,0.0395,0.02533,22.99367,26.03617,1.0685,6.53583
Hither Green,0.21909,0.16545,0.11173,34.28655,37.33955,13.33991,26.57591
Hoe Street,0.64175,0.1655,0.10938,37.12325,36.3425,13.60288,27.74438
Holborn & Covent Garden,-0.2955,0.15167,0.09767,23.06517,45.49767,10.95733,21.22833
Holland,0.27467,0.0945,0.06583,39.123,35.1605,2.50717,17.74683
Holloway,0.48717,0.165,0.10383,33.21867,33.06117,13.37283,27.30733
Homerton,0.9365,0.24233,0.14367,44.58767,32.8815,16.27517,38.24933
Hook & Chessington North,-0.32583,0.08767,0.06833,22.69317,19.67533,18.0265,13.526
"Hooley, Merstham & Netherne",0.147,0.076,0.054,50.696,19.039,14.855,17.985
Hornsey,0.33511,0.14556,0.09767,27.72822,30.10722,7.24756,21.29467
Hounslow Central,1.2325,0.09475,0.0545,42.14625,38.53125,7.3915,22.68125
Hounslow East,0.70167,0.11533,0.07,35.122,33.74633,8.596,21.03767
Hounslow Heath,0.43633,0.15233,0.087,39.91667,28.87017,9.1105,23.62683
Hounslow South,-0.04125,0.08962,0.06612,33.18362,28.2425,9.19275,16.1395
Hounslow West,0.30317,0.11833,0.0665,36.1645,29.56767,10.24233,19.24767
Hoxton East & Shoreditch,0.612,0.247,0.17,42.39,30.19,17.111,40.073
Hoxton West,0.8115,0.265,0.163,42.516,33.9245,23.87,41.627
Hyde Park,0.76933,0.09983,0.0645,25.578,50.99333,10.336,20.16233
Hylands & Harrow Lodge,-0.06688,0.06512,0.05462,22.7575,15.921,17.07575,11.356
Ickenham & South Harefield,-0.47411,0.05356,0.047,26.75022,12.68944,7.31656,8.80089
Ilford Town,1.074,0.179,0.1065,35.6785,35.5645,13.1875,28.068
Island Gardens,-0.26186,0.11714,0.06514,25.27314,20.41943,9.28714,14.91329
Isleworth,0.37217,0.1565,0.10317,34.35567,25.405,13.80433,24.31133
Jubilee,0.4528,0.2109,0.1253,42.6682,32.0955,28.1138,32.4228
Junction,1.08757,0.19057,0.12743,29.36071,35.07157,8.81357,30.921
Kelsey & Eden Park,-0.0714,0.0632,0.0536,25.8599,19.0544,8.1857,10.9081
Kenley,-0.52886,0.06286,0.05143,35.61029,12.93314,8.02257,11.60686
Kennington,0.28767,0.17756,0.111,29.21333,42.50433,12.26656,26.89478
Kentish Town North,0.46975,0.11425,0.08425,19.7945,32.5455,3.65075,17.039
Kentish Town South,0.37767,0.16567,0.10783,21.13833,33.5045,7.7825,22.11683
Kenton,-0.06809,0.112,0.06609,41.62164,21.91018,7.45418,17.32927
Kenton East,-0.28533,0.115,0.06144,38.224,21.78156,14.66511,16.69322
Kenton West,-0.29567,0.087,0.0525,32.48083,20.59333,8.12917,12.26717
Kew,0.14729,0.05543,0.04271,17.38257,31.971,2.28086,9.33271
Kidbrooke Park,0.679,0.1515,0.10217,34.09883,23.1525,14.7365,24.40667
Kidbrooke Village & Sutcliffe,0.146,0.1,0.069,29.451,23.337,5.826,14.7315
Kilburn,0.68527,0.21253,0.1324,32.18853,32.704,12.4386,29.98713
King George's & Sunray,-0.52625,0.07125,0.04875,25.917,25.91825,10.83525,10.8535
King's Cross,0.59,0.205,0.132,25.626,26.675,11.434,26.314
King's Park,0.57775,0.24738,0.15012,41.87838,31.35575,16.00675,37.35488
Kingsbury,0.2045,0.10025,0.05775,37.95675,27.82475,13.427,17.5365
Kingston Gate,-0.68233,0.07117,0.04817,20.759,24.04367,4.38767,8.87583
Kingston Town,0.12225,0.07875,0.05525,28.48275,30.76925,4.2615,13.5555
Knight's Hill,0.46522,0.16444,0.112,28.64678,39.93678,11.86511,26.49189
Knightsbridge & Belgravia,-0.427,0.07617,0.05033,24.35883,44.225,5.67733,14.56933
Lady Margaret,0.17456,0.13967,0.09433,32.90311,25.17156,14.45967,21.93822
Ladywell,0.20017,0.141,0.087,31.15567,34.11317,7.76483,21.309
Lancaster Gate,0.35662,0.083,0.0545,27.31038,40.62488,6.43088,15.92188
Langley Green & Tushmore,0.003,0.124,0.09,35.3,6.092,39.661,22.973
Lansbury,0.81183,0.29167,0.17517,32.62233,32.35267,38.155,42.27933
Larkswood,0.56729,0.13371,0.09214,32.57857,29.67543,20.92029,23.81643
Lavender,0.31612,0.05612,0.0395,21.95375,39.00312,3.93,12.14888
Lavender Fields,0.04671,0.15357,0.08957,26.10429,26.18329,16.81514,20.50386
Laycock,0.729,0.19956,0.12767,27.58822,32.77289,17.81644,30.56556
Lea Bridge,0.57124,0.18194,0.10882,42.23376,38.755,16.37165,30.74565
Lee Green,0.2375,0.11638,0.07812,29.24862,33.75825,10.79475,19.34062
Leyton,0.4825,0.174,0.10917,40.40383,33.21017,17.3005,28.40917
Leytonstone,0.33129,0.11057,0.07257,35.92271,45.17414,9.21443,21.52829
Lillie,0.418,0.229,0.14633,29.399,34.247,11.38667,33.321
Limehouse,0.47,0.13733,0.085,33.55767,37.263,9.58433,23.216
Little Ilford,0.2727,0.1869,0.1047,49.9443,30.5067,23.1691,30.6282
Little Venice,0.09175,0.11625,0.07325,18.4425,38.79375,7.9445,16.84475
London Bridge & West Bermondsey,0.7795,0.1365,0.087,36.399,38.188,13.689,28.0035
London Fields,0.8186,0.1792,0.101,41.8844,37.2028,7.8982,29.9786
Longbridge,0.29517,0.1215,0.07383,40.49533,24.84533,15.91667,21.43333
Longlands,-0.60733,0.07317,0.05267,23.7965,20.79083,11.32733,10.99767
Longthornton,0.352,0.11529,0.07686,20.925,27.51314,14.48414,17.04643
Lower Edmonton,0.47767,0.23489,0.13789,46.61422,29.63733,31.85078,35.24289
Lower Morden,-0.12229,0.05986,0.04857,16.96729,22.59671,13.327,9.71943
Loxford,0.40357,0.21514,0.11014,35.208,26.51071,20.14743,28.07943
Maida Vale,0.35783,0.15,0.099,19.28983,32.90533,5.1885,19.74567
Manor Park,0.40312,0.18162,0.10062,49.59388,31.01388,20.4615,30.40288
Markhouse,0.77475,0.19225,0.11625,37.84075,30.27125,20.7355,30.80975
Marlborough,-0.065,0.10633,0.07267,30.36033,25.84133,4.82433,14.97433
Marshalls & Rise Park,0.001,0.06367,0.05022,21.84356,15.55489,18.54144,10.964
Maryland,0.55067,0.14333,0.07933,47.32667,28.29233,15.60033,25.768
Marylebone,0.0392,0.0512,0.035,21.862,51.8422,2.795,12.5612
Mawneys,0.07925,0.11112,0.07538,22.99425,18.67738,28.50788,17.18037
Mayesbrook,0.71043,0.20886,0.12929,46.46843,28.75286,32.75843,36.30043
Mayfield,0.41586,0.13014,0.069,27.75886,22.21857,12.74071,16.98029
Merton Park,-0.256,0.057,0.0354,17.9792,31.2706,1.8558,8.3036
Middle Park & Horn Park,0.68383,0.21067,0.1505,42.886,23.5105,28.91967,35.461
Mildmay,0.72212,0.19488,0.11825,27.15088,32.945,14.122,29.004
Mile End,0.847,0.2085,0.10275,31.523,28.775,21.6405,29.281
Mill Hill,0.00388,0.08462,0.05625,32.002,22.5255,4.52525,12.71275
Molesey West,-0.171,0.055,0.036,9.249,15.678,4.855,5.405
Monkhams,-0.12017,0.03967,0.03433,20.06733,19.5355,3.18367,6.2435
Moor Park & Eastbury,-1.306,0.015,0.015,19.549,3.558,0.233,1.71
Mortlake & Barnes Common,0.04175,0.07362,0.05412,16.62788,26.2445,3.25325,9.908
Motspur Park & Old Malden East,-0.497,0.0644,0.0498,28.3472,21.0608,5.8946,9.7102
Mottingham,0.82729,0.18457,0.12529,27.42857,19.78586,26.87643,28.00257
"Mottingham, Coldharbour & New Eltham",0.30275,0.11675,0.09588,24.17888,17.72875,17.18212,18.7065
Munster,0.07338,0.088,0.0635,22.25462,30.66625,6.46962,14.0525
Muswell Hill,0.4972,0.0644,0.0472,27.9998,35.5834,2.3906,13.987
Myatt's Fields,0.60033,0.20783,0.1355,30.5015,38.033,13.4005,30.9095
New Addington North,0.41057,0.26143,0.16429,36.218,15.24257,43.96786,37.96329
New Addington South,0.32514,0.214,0.14714,37.29243,16.53943,40.95986,34.57114
New Cross Gate,0.71267,0.1975,0.114,46.00783,36.23967,13.62033,33.06017
New Malden Village,0.05417,0.09217,0.06,22.87533,31.51067,3.98483,12.82067
New Southgate,0.185,0.13933,0.08667,35.95167,30.703,11.79417,21.33283
Newbury,0.01117,0.12433,0.06983,27.53767,26.79467,9.335,15.77433
Newington,0.5952,0.1955,0.1178,35.0217,38.2186,13.509,30.4877
Noel Park,1.16638,0.19812,0.1285,36.75075,37.09488,22.21562,33.82388
Nonsuch,-0.247,0.018,0.0185,22.949,9.0575,1.012,3.8325
Norbiton,0.04767,0.149,0.09167,29.66517,26.12783,14.08083,20.8555
Norbury & Pollards Hill,0.52229,0.11771,0.07171,33.68629,33.45686,12.863,20.42129
Norbury Park,0.4276,0.134,0.0848,30.411,24.8308,13.1448,20.3702
Nork,-0.715,0.048,0.027,17.522,19.188,5.128,5.146
Norland,0.6025,0.072,0.0545,32.69175,45.07225,2.27375,16.5325
North Acton,0.21286,0.14729,0.09129,40.08443,29.83071,12.087,23.207
North Bermondsey,0.757,0.1894,0.1102,33.1086,26.829,16.091,29.6112
North Cheam,-0.21983,0.04983,0.03767,17.50367,18.47567,11.647,7.67283
North Greenford,-0.04162,0.10212,0.06,34.43788,26.23875,11.70575,15.80162
North Hanwell,0.06433,0.15856,0.11322,33.16389,30.88989,10.848,23.66778
North Harrow,-0.691,0.07325,0.05025,26.42075,15.905,2.633,8.5385
North Richmond,0.23317,0.07583,0.05967,18.15467,32.2,1.228,11.30717
North Walworth,0.64475,0.2065,0.127,36.7285,42.828,13.55375,32.61225
Northbury,0.5025,0.197,0.1005,49.763,31.40917,18.2825,31.20767
Northcote,-0.32625,0.036,0.02375,14.11,31.761,0.35975,5.908
Northfield,-0.00463,0.06538,0.04875,22.96175,33.0345,1.707,11.07188
Northolt Mandeville,0.43622,0.17333,0.11267,40.73556,25.35933,19.23044,27.24522
Northolt West End,0.69444,0.21244,0.131,47.84433,25.62767,21.64978,33.54078
Northumberland Heath,-0.03357,0.12543,0.09457,21.59171,20.77171,25.20786,18.86743
Northumberland Park,1.12875,0.28475,0.19675,40.88963,32.32,38.172,46.74825
Northwick Park,-0.08471,0.10443,0.05886,35.68357,20.56614,7.23857,14.86886
Northwood,-0.36586,0.08014,0.06214,26.60886,10.54814,3.85343,10.62571
Northwood Hills,-0.21471,0.09371,0.072,25.76971,14.13814,6.59057,13.10971
Norwood Green,0.462,0.2015,0.1485,43.98433,26.1615,18.38233,32.72533
Notting Dale,0.53267,0.30433,0.1975,39.35483,31.62017,16.88667,41.313
Nunhead & Queen's Road,0.65414,0.21671,0.14329,36.16657,34.28629,14.71771,33.97414
Oakwood,-0.4192,0.0914,0.058,29.8544,17.4072,8.054,12.0408
Old Coulsdon,-0.18657,0.09486,0.06786,31.89557,11.04643,13.07671,14.82871
Old Kent Road,0.56429,0.22429,0.13543,37.16957,30.63186,19.07043,32.03757
Old Malden,-0.4235,0.09925,0.0685,22.59425,21.3455,7.54475,11.86525
Orpington,0.12225,0.09775,0.07438,26.15462,17.28163,12.26562,14.97775
Orsett,-0.153,0.044,0.043,32.036,22.447,25.309,12.805
Osterley & Spring Grove,0.294,0.077,0.04943,37.62829,29.56957,2.50657,14.93686
Oval,0.4746,0.1276,0.0784,27.958,58.1228,10.1598,24.286
Palace & Hurlingham,0.21357,0.07414,0.047,21.56629,30.68329,4.13314,11.805
Palmers Green,0.2612,0.1146,0.07,32.945,32.6946,7.2252,17.9988
Park Hill & Whitgift,0.303,0.05233,0.03867,34.535,19.58,1.79833,10.76867
Parsloes,0.46775,0.21525,0.148,45.75275,29.26738,27.49238,36.6135
Parsons Green & Sandford,0.6506,0.0666,0.048,22.4414,39.6628,2.2986,13.3994
Peckham,0.56343,0.25014,0.14443,38.35286,28.34886,13.67886,33.98586
Peckham Rye,0.0324,0.147,0.0984,31.3706,29.679,7.475,21.0878
Pembridge,0.66725,0.064,0.0425,37.42725,47.78,1.676,16.9435
Penge & Cator,0.55667,0.14475,0.09675,29.20392,29.46867,12.87333,21.97592
Perivale,-0.16044,0.116,0.06878,35.652,29.55278,11.89811,18.073
Perry Vale,0.46525,0.151,0.09475,31.12558,37.045,11.80942,24.02017
Petts Wood & Knoll,-0.466,0.03367,0.034,19.39344,13.582,3.72222,5.003
Pimlico North,0.06143,0.13943,0.086,22.04771,38.67371,3.53157,18.63071
Pimlico South,-0.1334,0.1918,0.1314,23.3968,34.361,11.9638,24.4944
Pinkwell,0.33888,0.14712,0.08912,35.12063,26.14012,24.25912,23.05675
Pinner,-0.45471,0.08257,0.06014,33.27671,14.14243,4.71729,11.94014
Pinner South,-0.51111,0.05311,0.03911,27.04256,13.66733,1.48367,6.84178
Pitshanger,-0.02111,0.14733,0.10333,35.16789,26.62078,8.05678,21.85822
Plaistow,0.442,0.11162,0.0795,27.26912,22.43775,10.46875,16.963
Plaistow North,0.34888,0.1905,0.10288,48.78588,30.94575,17.8495,30.25388
Plaistow South,0.59386,0.15929,0.09186,47.28243,39.32671,19.05729,29.87971
Plaistow West & Canning Town East,0.60225,0.2035,0.11988,49.19388,31.216,20.556,34.26562
Plashet,0.2962,0.1576,0.0774,48.5736,36.0366,15.3006,26.1114
Plumstead & Glyndon,0.46945,0.19036,0.11318,33.78436,27.47,18.95982,27.63273
Plumstead Common,0.30744,0.14867,0.10711,27.663,25.42078,15.69922,22.261
Pollards Hill,0.28633,0.17767,0.11233,28.95467,26.87833,16.15117,24.24133
Ponders End,0.60775,0.225,0.1335,45.40675,34.56075,28.412,34.47
Poplar,0.6935,0.2485,0.1365,28.718,31.0635,30.6905,34.2995
Portsoken,-1.317,0.211,0.136,39.9,28.979,22.26,28.652
Preston,-0.07833,0.11017,0.06167,41.0325,25.945,8.80067,17.14983
Primrose Hill,0.25444,0.10156,0.06389,19.161,29.99511,4.40778,13.25356
Purley & Woodcote,-0.0686,0.0789,0.0668,34.2552,19.0962,5.4414,14.1056
Purley Oaks & Riddlesdown,-0.32217,0.06667,0.0505,29.3845,21.00217,5.462,10.74967
Queen's Gate,-0.32083,0.02517,0.01417,33.255,41.49983,0.7705,9.77767
Queen's Park,0.40267,0.2495,0.16433,23.6235,36.12017,17.455,32.3615
Queens Park,0.3331,0.1222,0.0828,34.2085,33.8669,6.7197,19.7815
Queensbury,0.33833,0.11856,0.06589,40.00422,23.07889,11.86378,19.14467
Rainham & Wennington,0.26175,0.11762,0.0865,19.70362,18.49838,28.196,18.376
Ravensbury,0.2582,0.1596,0.1076,26.2262,29.9408,16.8198,22.8994
Ravenscourt,0.6592,0.1274,0.095,30.0722,42.644,3.7678,23.3798
Rayners Lane,-0.13067,0.08933,0.05133,28.30233,19.67633,5.4475,11.37083
Raynes Park,-0.357,0.06112,0.04162,20.51475,30.81225,2.51175,9.397
Redcliffe,0.189,0.07133,0.0475,32.148,41.17533,4.27367,14.702
Regent's Park,-0.04186,0.11864,0.07036,23.02664,34.928,11.43264,17.04029
Reigate,-0.465,0.037,0.023,21.046,19.927,0.563,5.251
Rickmansworth Town,0.151,0.036,0.027,27.982,7.19,1.799,6.039
Ridgeway,-0.526,0.10443,0.08743,41.94171,14.253,8.16971,17.39157
Roehampton,0.3565,0.184,0.108,35.542,22.2399,17.6388,26.5906
Rotherhithe,0.5215,0.1605,0.093,32.74175,33.50388,13.73962,25.03062
Roundwood,0.69675,0.252,0.17525,46.2325,33.99425,24.70138,40.22637
Roxbourne,0.2722,0.1826,0.1162,37.5008,18.464,17.5162,24.9778
Roxeth,0.08714,0.12486,0.07286,32.58186,21.26729,11.806,17.06157
Royal Hospital,0.133,0.05257,0.03329,30.24414,43.45571,2.86729,12.83243
Ruislip,-0.1717,0.0643,0.0488,20.8576,15.5975,6.8625,8.9943
Ruislip Manor,-0.16417,0.04967,0.03917,19.48333,18.57667,8.9705,7.65533
Rush Green & Crowlands,0.28183,0.1325,0.08633,25.63783,24.937,20.9275,20.172
Rushey Green,0.6624,0.195,0.1402,35.9247,45.7267,16.7599,34.0115
Rye Lane,0.9193,0.1525,0.0988,30.5486,34.8563,8.5431,25.5029
Sanderstead,-0.54844,0.04878,0.04678,25.878,12.11678,6.51456,8.28167
Sands End,0.1306,0.1474,0.0794,27.7248,40.9578,7.3348,21.2618
Selhurst,1.0125,0.22617,0.14833,40.13167,35.99467,24.19017,38.38467
Selsdon & Addington Village,0.017,0.09657,0.06757,32.88,14.78129,13.62243,16.14729
Selsdon Vale & Forestdale,-0.05586,0.073,0.05671,29.53443,13.30586,11.85757,12.776
Seven Kings,0.47388,0.14025,0.08062,30.3195,27.0915,12.65338,20.2245
Seven Sisters,0.911,0.23775,0.1335,36.38675,31.7195,27.18175,35.28975
Shacklewell,0.4914,0.199,0.1116,41.4072,30.268,10.4342,31.0468
Shadwell,0.71088,0.22463,0.118,31.075,34.48925,18.56588,31.29062
Shaftesbury & Queenstown,0.289,0.12875,0.09225,24.4865,35.409,8.408,20.1055
Shenley,0.559,0.104,0.065,46.01,46.411,23.454,25.182
Shepherd's Bush Green,0.67367,0.207,0.16233,37.36967,38.86433,8.742,35.42633
Shirley North,-0.20889,0.11422,0.08178,31.80356,16.957,16.54611,17.75656
Shirley South,0.0135,0.12883,0.08067,25.53567,14.84133,16.25283,16.92017
Shooters Hill,0.33786,0.14314,0.096,28.00829,21.36343,10.38614,20.111
Shortlands & Park Langley,-0.59533,0.048,0.03689,27.90656,17.50433,2.61744,7.51789
Sidcup,-0.251,0.10511,0.07767,28.90067,19.09922,15.19122,16.30922
Slade Green & Northend,0.33467,0.21817,0.149,39.34933,17.1285,31.4425,33.34283
South Acton,0.5509,0.2044,0.1309,38.0671,35.2908,12.1722,31.4307
South Balham,0.31233,0.104,0.07033,31.95383,40.06967,3.76767,19.16867
South Beddington & Roundshaw,0.12314,0.15229,0.11571,27.37243,9.88743,21.278,22.62171
South Bermondsey,0.62156,0.18722,0.117,34.58533,33.07522,16.56611,29.44567
South Chafford,0.107,0.043,0.032,27.793,9.605,5.53,7.749
South Croydon,0.06687,0.09,0.06638,31.62512,27.6035,9.50388,16.25962
South Hampstead,0.07357,0.13586,0.08314,24.7,25.33829,9.16471,17.10129
South Hornchurch,0.2492,0.1174,0.0826,19.0764,16.2902,24.7164,17.3118
South Norwood,0.6152,0.1779,0.121,36.3778,35.4689,17.4211,29.5846
South Richmond,0.002,0.05829,0.04329,16.71186,28.15114,1.42214,8.321
South Ruislip,-0.165,0.07456,0.04867,22.835,20.26511,12.35256,10.95456
South Tottenham,1.01244,0.20244,0.12967,38.21678,34.337,29.85911,34.947
South Twickenham,-0.394,0.04017,0.03517,12.995,26.51333,0.60583,5.55717
South Woodford,0.17133,0.05,0.035,20.41833,26.5425,3.683,8.328
Southall Broadway,0.661,0.17833,0.11917,43.02733,29.08783,23.266,31.12567
Southall Green,0.6575,0.1935,0.105,42.328,38.0645,26.3555,32.2755
Southall West,0.191,0.149,0.1005,44.0185,26.1685,25.864,27.083
Southbury,0.3145,0.15637,0.09775,35.92575,33.65288,15.4675,24.16062
Southfield,0.05367,0.08711,0.05389,26.67733,30.27233,3.28633,13.07622
Southfields,-0.33257,0.04886,0.03314,16.33129,30.37714,1.72371,7.42257
Southgate,-0.377,0.093,0.061,36.847,19.15667,5.76583,13.87833
Spitalfields & Banglatown,0.63433,0.21133,0.12567,31.361,40.65083,15.56783,32.1865
Springfield,0.0975,0.1933,0.1233,42.1253,32.1434,37.2155,33.0334
Squirrels Heath,-0.13,0.06622,0.05222,19.48611,17.18956,13.17211,10.04133
St Alban's,0.301,0.11625,0.08075,19.295,27.0955,20.49975,18.12875
St Andrew's,-0.14067,0.08022,0.05733,16.88756,16.80111,17.19733,11.21833
St Ann's,0.7725,0.176,0.10233,35.203,31.784,17.83967,27.102
St Dunstan's,0.65433,0.22833,0.13267,31.76033,35.14067,20.004,33.12167
St Edward's,0.47667,0.11167,0.07133,26.26083,23.62383,17.83417,18.68217
St George's,0.77375,0.1705,0.12575,33.32,49.46225,12.4735,32.4055
St Giles,0.40486,0.18914,0.11671,34.21243,34.21214,10.25486,27.73
St Helier,0.3495,0.16133,0.10867,24.90733,41.19567,18.10617,24.98433
St Helier East,0.3805,0.17625,0.1235,28.2905,27.8025,28.927,27.34625
St Helier West,0.22543,0.17271,0.11743,27.72457,31.91543,29.119,27.42457
St James,0.573,0.14617,0.09017,35.16583,34.57067,13.477,24.42033
St James's,-0.326,0.1385,0.1315,21.60683,47.702,7.60967,24.50633
St Katharine's & Wapping,-0.0616,0.0894,0.0514,24.1502,26.4778,5.834,12.3542
St Margarets & North Twickenham,-0.05557,0.03543,0.03,13.80286,30.72014,0.42471,6.35586
St Mark's & Seething Wells,-0.55429,0.04586,0.03643,25.80743,28.79471,2.47057,8.73157
St Martin's,0.56367,0.17583,0.11117,29.42083,40.95367,12.08067,27.25067
St Mary Cray,0.52409,0.14518,0.10045,27.46164,18.36145,21.86727,22.17191
St Mary's,0.14033,0.10583,0.05467,30.602,37.97233,2.98367,16.5425
St Mary's & St James,0.04586,0.07243,0.05771,23.57529,16.15771,11.96671,12.142
St Mary's & St James',0.71517,0.17467,0.1065,25.51817,37.544,10.75917,26.74
St Pancras & Somers Town,0.73686,0.22557,0.14686,23.30443,37.06486,23.79629,33.16714
St Paul's Cray,0.85355,0.20727,0.13736,33.34491,18.57891,30.895,31.76273
St Peter's & Canalside,0.646,0.166,0.1054,27.3792,44.7926,15.6312,27.3816
St Peters,0.969,0.326,0.159,24.062,33.952,56.938,45.834
St. Helen's,0.77167,0.17167,0.12867,36.48967,38.437,6.43667,27.90767
Stamford,-0.181,0.052,0.047,39.716,14.444,6.585,11.283
Stamford Hill West,-0.2116,0.1944,0.1168,41.9586,36.1166,29.0086,31.42
Stanley,0.17067,0.08617,0.055,31.9215,43.1825,4.545,16.35083
Stanmore,-0.28275,0.11525,0.07562,40.59175,13.70725,7.054,16.46438
Stanwell North,0.55,0.106,0.086,23.653,30.535,39.017,22.329
Stepney Green,0.66071,0.224,0.12357,29.73343,33.85229,20.23286,32.80986
Stockwell East,0.84483,0.18433,0.10983,28.87717,43.775,8.55867,28.98833
Stockwell West & Larkhall,0.3525,0.18762,0.10488,31.36325,44.08738,13.39262,28.668
Stoke Newington,0.77829,0.14571,0.089,39.84957,37.92914,4.95986,26.14414
Stonebridge,0.86456,0.29267,0.20033,57.03833,28.541,28.084,46.76344
Stonecot,-0.2222,0.0628,0.0518,17.509,21.0004,13.41,9.8312
Stratford,0.9795,0.1575,0.0785,48.6035,46.2895,10.5095,31.047
Streatham Common & Vale,0.2208,0.1386,0.0845,28.0487,39.4502,11.5135,21.4546
Streatham Hill East,0.33114,0.16457,0.101,27.62414,40.46929,11.61571,25.15457
Streatham Hill West & Thornton,0.25871,0.07957,0.05171,22.78814,45.96286,3.08143,15.34
Streatham St Leonard's,0.5665,0.11812,0.07788,30.15112,53.37562,7.82525,23.29612
Streatham Wells,0.131,0.118,0.0782,26.7936,41.9528,6.023,19.2406
Stroud Green,0.53786,0.12586,0.08843,29.96329,31.765,5.24357,20.48714
Sudbury,0.20243,0.12829,0.07429,48.31843,26.30886,12.05286,22.26757
Surbiton Hill,-0.38288,0.08462,0.05625,27.10912,27.72388,6.48612,12.92475
Surrey Docks,0.38086,0.09071,0.05857,33.003,25.77729,8.73586,17.56614
Sutton Central,0.2396,0.1252,0.0858,23.9308,28.1944,11.348,18.976
Sutton North,-0.09217,0.0885,0.0615,23.53383,22.98333,11.0315,12.71567
Sutton South,-0.44083,0.08733,0.06217,28.4235,21.20667,5.88383,12.917
Sutton West & East Cheam,-0.29386,0.06486,0.04629,21.85786,22.07943,6.73786,9.58743
Sydenham,0.4522,0.1694,0.1101,34.6896,32.5966,13.1225,26.6552
Syon & Brentford Lock,0.87033,0.15533,0.11,37.656,26.35933,16.59667,27.473
Teddington,-0.64667,0.04317,0.03767,16.72683,23.52683,0.97883,5.9525
Telegraph Hill,0.2092,0.1587,0.0988,32.7617,37.6762,11.9952,24.5657
Thames View,1.073,0.26,0.169,49.657,43.57,27.955,46.922
Thamesfield,0.05288,0.04225,0.02912,21.11212,36.61538,1.59012,9.449
Thamesmead East,0.30567,0.19633,0.11756,38.45689,11.92011,17.61078,26.271
Thamesmead Moorings,0.12857,0.187,0.11286,41.81243,14.36571,16.69257,26.61157
The Wrythe,0.20143,0.11357,0.07914,21.25757,25.47214,16.55714,17.39357
Thornton Heath,0.5932,0.1746,0.1132,34.8581,35.4665,19.2048,28.6921
Tokyngton,-0.0805,0.123,0.0735,44.9985,32.6515,19.95,23.0375
Tollington,0.81957,0.18314,0.12014,27.157,29.50014,8.64014,27.04171
Tolworth,0.17386,0.09571,0.062,24.63571,24.84557,10.755,13.99271
Tooting Bec,0.51564,0.12664,0.07255,27.115,37.14127,6.48555,19.58718
Tooting Broadway,0.35333,0.13356,0.073,29.98678,31.03144,9.97767,20.19611
Tottenham Central,1.02325,0.201,0.12488,36.69388,37.64962,24.30012,33.1775
Tottenham Hale,1.0855,0.235,0.127,37.22325,33.63175,31.04075,35.73775
Totteridge & Woodside,-0.6305,0.07,0.04938,31.802,16.53463,3.65487,10.48525
Town,-0.182,0.094,0.0655,29.94288,23.75025,9.71088,14.24975
Trinity,0.13429,0.07529,0.06086,24.63443,30.50086,3.53057,13.74914
Tudor,-0.45,0.048,0.041,17.2966,17.6802,1.1306,5.8556
Tufnell Park,0.74071,0.17543,0.12457,29.08214,33.01614,9.06414,28.36314
Twickenham Riverside,-0.1205,0.03867,0.02967,16.454,31.80367,0.6245,6.52733
Underhill,0.17457,0.13943,0.10414,30.37543,17.559,13.04729,20.04114
Upminster,-0.19212,0.036,0.036,17.901,14.0965,9.02912,6.7005
Upper Edmonton,0.78278,0.22978,0.13289,48.44056,33.353,33.71556,37.61944
Upper Walthamstow,0.48975,0.14825,0.10275,37.13975,32.74225,15.99425,25.04425
Uxbridge,0.13,0.10817,0.06583,28.16833,20.112,10.01983,15.785
Valence,0.51433,0.21267,0.13722,43.86667,33.37922,30.702,35.89044
Valentines,0.35429,0.12986,0.07629,33.12014,24.40071,7.64457,18.18329
Valley,0.42233,0.14844,0.09944,34.58311,28.71856,21.75867,24.48211
Vauxhall,0.47033,0.14467,0.08967,30.45,54.643,4.856,24.67067
Victoria,0.71975,0.21338,0.13625,41.85362,29.12938,12.01125,33.95988
Village,-0.072,0.114,0.07115,34.80123,22.54631,13.87708,19.35808
Vincent Square,-0.4958,0.1544,0.1186,22.5946,38.5968,5.5554,20.9946
Waddon,0.328,0.173,0.11157,38.40914,29.528,20.92686,28.52129
Walbrook,-1.56,0.014,0.011,46.314,49.165,1.771,13.584
Walham Green,0.54917,0.15317,0.0995,26.90817,33.57917,8.37683,23.40283
Wall End,0.26533,0.159,0.08722,49.35522,32.48567,18.79867,27.68711
Wallington North,-0.16543,0.08886,0.07429,20.25471,24.38214,8.40729,13.02157
Wallington South,-0.26617,0.10933,0.0805,22.57383,26.63733,7.55,14.982
Walpole,0.242,0.0875,0.0605,26.27638,36.693,2.5855,15.07875
Waltham Abbey South & Rural,0.993,0.115,0.083,43.19,42.672,30.704,28.681
Waltham Cross,1.012,0.115,0.08,28.514,18.382,22.859,20.084
Walton South,-0.377,0.034,0.032,9.68,12.364,1.521,3.056
Wandle,0.06311,0.11667,0.06711,23.21811,29.148,4.47933,15.32178
Wandsworth Common,0.0483,0.0726,0.0495,27.0418,31.5674,6.0361,13.5868
Wandsworth Town,-0.00086,0.07986,0.05086,23.77771,29.97729,4.42214,12.079
Wanstead Park,0.6956,0.0842,0.062,27.301,28.4926,5.4444,15.5294
Wanstead Village,0.04813,0.07275,0.0505,22.83962,27.90425,4.12012,11.36088
Warlingham West,-0.09,0.048,0.037,15.642,10.82,11.699,6.454
Waterloo & South Bank,0.2586,0.0998,0.0638,29.8608,52.309,10.1418,20.9632
Wealdstone North,0.0904,0.1684,0.0996,36.469,19.9418,15.652,22.4236
Wealdstone South,0.07233,0.14467,0.07533,39.58967,21.27933,11.68567,19.611
Weavers,1.3966,0.2274,0.1226,30.0878,37.4404,15.8116,34.918
Welsh Harp,0.3966,0.1468,0.0872,44.7322,26.616,17.5919,24.8009
Wembley Central,0.18229,0.12571,0.06714,47.04957,25.02114,20.29714,22.18129
Wembley Hill,0.467,0.1272,0.0886,43.3146,28.4466,13.0784,23.0012
Wendell Park,-0.16,0.10767,0.06867,26.13067,30.21833,2.04967,14.44767
West Barnes,-0.3845,0.06583,0.04317,21.073,24.36133,2.86933,8.303
West Drayton,0.91157,0.15729,0.10243,28.00643,22.80357,27.26557,26.30471
West Dulwich,0.5026,0.1218,0.084,26.5308,40.2916,7.0388,20.4998
West End,-0.0388,0.0732,0.0538,24.5764,51.8274,6.9536,15.3766
West Finchley,0.04142,0.089,0.05525,27.03792,25.27867,3.11133,12.13392
West Green,0.84788,0.2275,0.14225,36.41762,32.24688,22.614,34.6645
West Ham,0.46562,0.17362,0.10225,46.82462,26.94512,16.19237,28.442
West Hampstead,0.15486,0.11157,0.07571,20.86243,33.09829,6.07071,15.92386
West Harrow,0.11333,0.1295,0.08233,33.17867,22.17367,4.76467,17.265
West Heath,-0.59511,0.06411,0.05567,21.13789,17.50422,14.92367,10.09489
West Hendon,0.3262,0.1215,0.0737,39.1788,29.5374,12.3818,20.13
West Hill,-0.2775,0.1345,0.0824,28.6985,21.6474,7.8906,17.4161
West Kensington,0.18233,0.163,0.10283,31.64217,35.305,9.30367,24.67883
West Putney,-0.17012,0.11138,0.074,29.46238,26.6235,6.998,16.53975
West Thamesmead,0.38833,0.14667,0.08317,40.6465,13.86933,11.6725,22.853
West Thornton,0.70682,0.181,0.11036,35.85509,35.28873,16.37864,29.02364
West Twickenham,0.07757,0.06743,0.053,17.75829,27.671,4.08029,10.153
West Wickham,-0.7386,0.0375,0.0371,24.2192,14.4434,4.4322,6.0954
Westbourne,0.519,0.28167,0.18267,25.39533,35.2305,16.003,36.58583
Whalebone,0.4108,0.1496,0.0872,43.5144,31.1138,20.1982,26.2936
Wheatley Hills & Intake,1.362,0.201,0.134,10.581,13.371,62.49,36.175
Whetstone,0.04286,0.08514,0.05757,24.79657,19.05929,4.02143,11.08343
White City,0.054,0.255,0.1606,31.8672,25.6232,18.349,33.2718
White Hart Lane,1.03925,0.24712,0.14912,42.79588,38.20288,30.33838,39.90787
Whitechapel,0.5622,0.1926,0.0936,31.0242,37.2362,16.1308,27.1126
Whitewebbs,-0.03044,0.142,0.09167,36.69211,28.28167,16.51156,22.097
Whitton,-0.02167,0.07017,0.05083,19.9705,26.02383,6.55683,10.275
Willesden Green,0.49509,0.14955,0.09018,39.41336,31.03773,11.92282,23.83055
William Morris,0.35317,0.17483,0.10217,35.564,31.94033,18.3255,26.45433
Wimbledon Park,-0.391,0.0344,0.0324,12.6674,29.6324,0.2168,5.7428
Wimbledon Town & Dundonald,-0.41438,0.04162,0.03563,15.47925,30.62662,0.6245,6.78175
Winchmore Hill,-0.21133,0.07717,0.0515,30.8965,23.6095,4.01317,11.60283
Wood End,0.71356,0.18022,0.116,30.98022,23.63867,25.55878,27.70678
Wood Street,0.34,0.17717,0.1055,36.28567,39.0585,15.98317,27.8465
Woodberry Down,0.7074,0.2612,0.1634,43.9024,35.6972,24.0768,40.05
Woodhouse,0.22429,0.12514,0.08086,27.70729,26.03786,6.31671,16.85957
Woodside,0.52984,0.16463,0.10721,35.86732,31.28168,17.19526,26.84811
Woolwich Arsenal,0.771,0.232,0.1255,39.231,21.6625,26.059,33.587
Woolwich Common,0.48971,0.21429,0.12986,41.04014,20.88471,23.07714,32.57357
Woolwich Dockyard,0.12867,0.19733,0.14067,35.31833,19.50767,20.095,28.908
Worcester Park North,-0.3088,0.0718,0.0496,21.8316,17.2852,10.8776,9.7844
Worcester Park South,-0.4476,0.0442,0.0378,15.2168,15.4552,6.6318,5.7642
Wormholt,0.7164,0.2056,0.1354,28.9044,37.1006,11.5284,30.2246
Yeading,0.76337,0.17425,0.10938,37.18938,17.33988,23.08888,27.27375
Yiewsley,0.766,0.179,0.114,37.1405,20.765,37.052,31.73825
